"filename", "language", "PHP", "HTML", "JavaScript", "JSON", "CSS", "XML", "Markdown", "Shell Script", "YAML", "Ini", "comment", "blank", "total"
"c:\Users\alves\Downloads\integracao-20231026T180259Z-001\integracao\class\mod01\AlterarCadastroUsuario.php", "PHP", 28, 0, 0, 0, 0, 0, 0, 0, 0, 0, 1, 11, 40
"c:\Users\alves\Downloads\integracao-20231026T180259Z-001\integracao\class\mod01\CadastrarFeedback.php", "PHP", 27, 0, 0, 0, 0, 0, 0, 0, 0, 0, 0, 15, 42
"c:\Users\alves\Downloads\integracao-20231026T180259Z-001\integracao\class\mod01\ConfirmarCadastro.php", "PHP", 11, 0, 0, 0, 0, 0, 0, 0, 0, 0, 0, 5, 16
"c:\Users\alves\Downloads\integracao-20231026T180259Z-001\integracao\class\mod01\InserirCodigoCadastro.php", "PHP", 131, 0, 0, 0, 0, 0, 0, 0, 0, 0, 0, 31, 162
"c:\Users\alves\Downloads\integracao-20231026T180259Z-001\integracao\class\mod01\NovoUsuario(1).php", "PHP", 84, 0, 0, 0, 0, 0, 0, 0, 0, 0, 0, 31, 115
"c:\Users\alves\Downloads\integracao-20231026T180259Z-001\integracao\class\mod01\NovoUsuario.php", "PHP", 84, 0, 0, 0, 0, 0, 0, 0, 0, 0, 0, 31, 115
"c:\Users\alves\Downloads\integracao-20231026T180259Z-001\integracao\class\mod01\PHPMailer_5.2.4\class.phpmailer.php", "PHP", 1566, 0, 0, 0, 0, 0, 0, 0, 0, 0, 1031, 230, 2827
"c:\Users\alves\Downloads\integracao-20231026T180259Z-001\integracao\class\mod01\PHPMailer_5.2.4\class.pop3.php", "PHP", 155, 0, 0, 0, 0, 0, 0, 0, 0, 0, 199, 65, 419
"c:\Users\alves\Downloads\integracao-20231026T180259Z-001\integracao\class\mod01\PHPMailer_5.2.4\class.smtp(1).php", "PHP", 530, 0, 0, 0, 0, 0, 0, 0, 0, 0, 348, 126, 1004
"c:\Users\alves\Downloads\integracao-20231026T180259Z-001\integracao\class\mod01\PHPMailer_5.2.4\class.smtp.php", "PHP", 530, 0, 0, 0, 0, 0, 0, 0, 0, 0, 348, 126, 1004
"c:\Users\alves\Downloads\integracao-20231026T180259Z-001\integracao\class\mod01\PHPMailer_5.2.4\docs(1).ini", "Ini", 0, 0, 0, 0, 0, 0, 0, 0, 0, 12, 63, 18, 93
"c:\Users\alves\Downloads\integracao-20231026T180259Z-001\integracao\class\mod01\PHPMailer_5.2.4\docs.ini", "Ini", 0, 0, 0, 0, 0, 0, 0, 0, 0, 12, 63, 18, 93
"c:\Users\alves\Downloads\integracao-20231026T180259Z-001\integracao\class\mod01\PHPMailer_5.2.4\docs\extending.html", "HTML", 0, 122, 0, 0, 0, 0, 0, 0, 0, 0, 0, 27, 149
"c:\Users\alves\Downloads\integracao-20231026T180259Z-001\integracao\class\mod01\PHPMailer_5.2.4\docs\faq.html", "HTML", 0, 60, 0, 0, 0, 0, 0, 0, 0, 0, 0, 8, 68
"c:\Users\alves\Downloads\integracao-20231026T180259Z-001\integracao\class\mod01\PHPMailer_5.2.4\docs\makedocs2.sh", "Shell Script", 0, 0, 0, 0, 0, 0, 0, 2, 0, 0, 2, 1, 5
"c:\Users\alves\Downloads\integracao-20231026T180259Z-001\integracao\class\mod01\PHPMailer_5.2.4\docs\phpdoc\classes.svg", "XML", 0, 0, 0, 0, 0, 50, 0, 0, 0, 0, 9, 1, 60
"c:\Users\alves\Downloads\integracao-20231026T180259Z-001\integracao\class\mod01\PHPMailer_5.2.4\docs\phpdoc\classes\PHPMailer.html", "HTML", 0, 2418, 0, 0, 0, 0, 0, 0, 0, 0, 0, 3, 2421
"c:\Users\alves\Downloads\integracao-20231026T180259Z-001\integracao\class\mod01\PHPMailer_5.2.4\docs\phpdoc\classes\POP3.html", "HTML", 0, 435, 0, 0, 0, 0, 0, 0, 0, 0, 0, 1, 436
"c:\Users\alves\Downloads\integracao-20231026T180259Z-001\integracao\class\mod01\PHPMailer_5.2.4\docs\phpdoc\classes\SMTP.html", "HTML", 0, 597, 0, 0, 0, 0, 0, 0, 0, 0, 0, 17, 614
"c:\Users\alves\Downloads\integracao-20231026T180259Z-001\integracao\class\mod01\PHPMailer_5.2.4\docs\phpdoc\classes\phpmailerException.html", "HTML", 0, 235, 0, 0, 0, 0, 0, 0, 0, 0, 0, 1, 236
"c:\Users\alves\Downloads\integracao-20231026T180259Z-001\integracao\class\mod01\PHPMailer_5.2.4\docs\phpdoc\css\bootstrap-responsive(1).css", "CSS", 0, 0, 0, 0, 546, 0, 0, 0, 0, 0, 15, 7, 568
"c:\Users\alves\Downloads\integracao-20231026T180259Z-001\integracao\class\mod01\PHPMailer_5.2.4\docs\phpdoc\css\bootstrap-responsive.css", "CSS", 0, 0, 0, 0, 546, 0, 0, 0, 0, 0, 15, 7, 568
"c:\Users\alves\Downloads\integracao-20231026T180259Z-001\integracao\class\mod01\PHPMailer_5.2.4\docs\phpdoc\css\bootstrap-responsive.min(1).css", "CSS", 0, 0, 0, 0, 2, 0, 0, 0, 0, 0, 0, 2, 4
"c:\Users\alves\Downloads\integracao-20231026T180259Z-001\integracao\class\mod01\PHPMailer_5.2.4\docs\phpdoc\css\bootstrap-responsive.min.css", "CSS", 0, 0, 0, 0, 2, 0, 0, 0, 0, 0, 0, 2, 4
"c:\Users\alves\Downloads\integracao-20231026T180259Z-001\integracao\class\mod01\PHPMailer_5.2.4\docs\phpdoc\css\bootstrap.css", "CSS", 0, 0, 0, 0, 3338, 0, 0, 0, 0, 0, 18, 10, 3366
"c:\Users\alves\Downloads\integracao-20231026T180259Z-001\integracao\class\mod01\PHPMailer_5.2.4\docs\phpdoc\css\bootstrap.min(1).css", "CSS", 0, 0, 0, 0, 610, 0, 0, 0, 0, 0, 0, 1, 611
"c:\Users\alves\Downloads\integracao-20231026T180259Z-001\integracao\class\mod01\PHPMailer_5.2.4\docs\phpdoc\css\bootstrap.min.css", "CSS", 0, 0, 0, 0, 610, 0, 0, 0, 0, 0, 0, 1, 611
"c:\Users\alves\Downloads\integracao-20231026T180259Z-001\integracao\class\mod01\PHPMailer_5.2.4\docs\phpdoc\css\jquery.iviewer(1).css", "CSS", 0, 0, 0, 0, 76, 0, 0, 0, 0, 0, 0, 16, 92
"c:\Users\alves\Downloads\integracao-20231026T180259Z-001\integracao\class\mod01\PHPMailer_5.2.4\docs\phpdoc\css\jquery.iviewer.css", "CSS", 0, 0, 0, 0, 76, 0, 0, 0, 0, 0, 0, 16, 92
"c:\Users\alves\Downloads\integracao-20231026T180259Z-001\integracao\class\mod01\PHPMailer_5.2.4\docs\phpdoc\css\prettify(1).css", "CSS", 0, 0, 0, 0, 1, 0, 0, 0, 0, 0, 0, 0, 1
"c:\Users\alves\Downloads\integracao-20231026T180259Z-001\integracao\class\mod01\PHPMailer_5.2.4\docs\phpdoc\css\prettify.css", "CSS", 0, 0, 0, 0, 1, 0, 0, 0, 0, 0, 0, 0, 1
"c:\Users\alves\Downloads\integracao-20231026T180259Z-001\integracao\class\mod01\PHPMailer_5.2.4\docs\phpdoc\css\template.css", "CSS", 0, 0, 0, 0, 424, 0, 0, 0, 0, 0, 2, 80, 506
"c:\Users\alves\Downloads\integracao-20231026T180259Z-001\integracao\class\mod01\PHPMailer_5.2.4\docs\phpdoc\deprecated.html", "HTML", 0, 70, 0, 0, 0, 0, 0, 0, 0, 0, 0, 1, 71
"c:\Users\alves\Downloads\integracao-20231026T180259Z-001\integracao\class\mod01\PHPMailer_5.2.4\docs\phpdoc\errors.html", "HTML", 0, 227, 0, 0, 0, 0, 0, 0, 0, 0, 0, 1, 228
"c:\Users\alves\Downloads\integracao-20231026T180259Z-001\integracao\class\mod01\PHPMailer_5.2.4\docs\phpdoc\graph_class.html", "HTML", 0, 66, 0, 0, 0, 0, 0, 0, 0, 0, 0, 2, 68
"c:\Users\alves\Downloads\integracao-20231026T180259Z-001\integracao\class\mod01\PHPMailer_5.2.4\docs\phpdoc\img\icons\icon_template(1).svg", "XML", 0, 0, 0, 0, 0, 91, 0, 0, 0, 0, 1, 2, 94
"c:\Users\alves\Downloads\integracao-20231026T180259Z-001\integracao\class\mod01\PHPMailer_5.2.4\docs\phpdoc\img\icons\icon_template.svg", "XML", 0, 0, 0, 0, 0, 91, 0, 0, 0, 0, 1, 2, 94
"c:\Users\alves\Downloads\integracao-20231026T180259Z-001\integracao\class\mod01\PHPMailer_5.2.4\docs\phpdoc\index.html", "HTML", 0, 89, 0, 0, 0, 0, 0, 0, 0, 0, 0, 1, 90
"c:\Users\alves\Downloads\integracao-20231026T180259Z-001\integracao\class\mod01\PHPMailer_5.2.4\docs\phpdoc\js\SVGPan(1).js", "JavaScript", 0, 0, 85, 0, 0, 0, 0, 0, 0, 0, 102, 46, 233
"c:\Users\alves\Downloads\integracao-20231026T180259Z-001\integracao\class\mod01\PHPMailer_5.2.4\docs\phpdoc\js\SVGPan.js", "JavaScript", 0, 0, 85, 0, 0, 0, 0, 0, 0, 0, 102, 46, 233
"c:\Users\alves\Downloads\integracao-20231026T180259Z-001\integracao\class\mod01\PHPMailer_5.2.4\docs\phpdoc\js\bootstrap.js", "JavaScript", 0, 0, 1060, 0, 0, 0, 0, 0, 0, 0, 280, 383, 1723
"c:\Users\alves\Downloads\integracao-20231026T180259Z-001\integracao\class\mod01\PHPMailer_5.2.4\docs\phpdoc\js\bootstrap.min(1).js", "JavaScript", 0, 0, 1, 0, 0, 0, 0, 0, 0, 0, 0, 0, 1
"c:\Users\alves\Downloads\integracao-20231026T180259Z-001\integracao\class\mod01\PHPMailer_5.2.4\docs\phpdoc\js\bootstrap.min.js", "JavaScript", 0, 0, 1, 0, 0, 0, 0, 0, 0, 0, 0, 0, 1
"c:\Users\alves\Downloads\integracao-20231026T180259Z-001\integracao\class\mod01\PHPMailer_5.2.4\docs\phpdoc\js\jquery-1.4.2.min.js", "JavaScript", 0, 0, 135, 0, 0, 0, 0, 0, 0, 0, 19, 1, 155
"c:\Users\alves\Downloads\integracao-20231026T180259Z-001\integracao\class\mod01\PHPMailer_5.2.4\docs\phpdoc\js\jquery-1.7.1.min(1).js", "JavaScript", 0, 0, 6382, 0, 0, 0, 0, 0, 0, 0, 1257, 1632, 9271
"c:\Users\alves\Downloads\integracao-20231026T180259Z-001\integracao\class\mod01\PHPMailer_5.2.4\docs\phpdoc\js\jquery-1.7.1.min.js", "JavaScript", 0, 0, 6382, 0, 0, 0, 0, 0, 0, 0, 1257, 1632, 9271
"c:\Users\alves\Downloads\integracao-20231026T180259Z-001\integracao\class\mod01\PHPMailer_5.2.4\docs\phpdoc\js\jquery-ui-1.8.2.custom.min.js", "JavaScript", 0, 0, 620, 0, 0, 0, 0, 0, 0, 0, 355, 37, 1012
"c:\Users\alves\Downloads\integracao-20231026T180259Z-001\integracao\class\mod01\PHPMailer_5.2.4\docs\phpdoc\js\jquery.cookie(1).js", "JavaScript", 0, 0, 49, 0, 0, 0, 0, 0, 0, 0, 53, 2, 104
"c:\Users\alves\Downloads\integracao-20231026T180259Z-001\integracao\class\mod01\PHPMailer_5.2.4\docs\phpdoc\js\jquery.cookie.js", "JavaScript", 0, 0, 49, 0, 0, 0, 0, 0, 0, 0, 53, 2, 104
"c:\Users\alves\Downloads\integracao-20231026T180259Z-001\integracao\class\mod01\PHPMailer_5.2.4\docs\phpdoc\js\jquery.iviewer.js", "JavaScript", 0, 0, 609, 0, 0, 0, 0, 0, 0, 0, 287, 150, 1046
"c:\Users\alves\Downloads\integracao-20231026T180259Z-001\integracao\class\mod01\PHPMailer_5.2.4\docs\phpdoc\js\jquery.iviewer.min.js", "JavaScript", 0, 0, 30, 0, 0, 0, 0, 0, 0, 0, 12, 1, 43
"c:\Users\alves\Downloads\integracao-20231026T180259Z-001\integracao\class\mod01\PHPMailer_5.2.4\docs\phpdoc\js\jquery.mousewheel.min.js", "JavaScript", 0, 0, 2, 0, 0, 0, 0, 0, 0, 0, 11, 0, 13
"c:\Users\alves\Downloads\integracao-20231026T180259Z-001\integracao\class\mod01\PHPMailer_5.2.4\docs\phpdoc\js\jquery.panzoom.js", "JavaScript", 0, 0, 381, 0, 0, 0, 0, 0, 0, 0, 24, 62, 467
"c:\Users\alves\Downloads\integracao-20231026T180259Z-001\integracao\class\mod01\PHPMailer_5.2.4\docs\phpdoc\js\jquery.splitter.js", "JavaScript", 0, 0, 164, 0, 0, 0, 0, 0, 0, 0, 49, 15, 228
"c:\Users\alves\Downloads\integracao-20231026T180259Z-001\integracao\class\mod01\PHPMailer_5.2.4\docs\phpdoc\js\jquery.tools.min(1).js", "JavaScript", 0, 0, 96, 0, 0, 0, 0, 0, 0, 0, 19, 0, 115
"c:\Users\alves\Downloads\integracao-20231026T180259Z-001\integracao\class\mod01\PHPMailer_5.2.4\docs\phpdoc\js\jquery.tools.min.js", "JavaScript", 0, 0, 96, 0, 0, 0, 0, 0, 0, 0, 19, 0, 115
"c:\Users\alves\Downloads\integracao-20231026T180259Z-001\integracao\class\mod01\PHPMailer_5.2.4\docs\phpdoc\js\jquery.treeview(1).js", "JavaScript", 0, 0, 190, 0, 0, 0, 0, 0, 0, 0, 46, 20, 256
"c:\Users\alves\Downloads\integracao-20231026T180259Z-001\integracao\class\mod01\PHPMailer_5.2.4\docs\phpdoc\js\jquery.treeview.js", "JavaScript", 0, 0, 190, 0, 0, 0, 0, 0, 0, 0, 46, 20, 256
"c:\Users\alves\Downloads\integracao-20231026T180259Z-001\integracao\class\mod01\PHPMailer_5.2.4\docs\phpdoc\js\menu(1).js", "JavaScript", 0, 0, 25, 0, 0, 0, 0, 0, 0, 0, 0, 6, 31
"c:\Users\alves\Downloads\integracao-20231026T180259Z-001\integracao\class\mod01\PHPMailer_5.2.4\docs\phpdoc\js\menu.js", "JavaScript", 0, 0, 25, 0, 0, 0, 0, 0, 0, 0, 0, 6, 31
"c:\Users\alves\Downloads\integracao-20231026T180259Z-001\integracao\class\mod01\PHPMailer_5.2.4\docs\phpdoc\js\prettify\lang-apollo(1).js", "JavaScript", 0, 0, 2, 0, 0, 0, 0, 0, 0, 0, 0, 1, 3
"c:\Users\alves\Downloads\integracao-20231026T180259Z-001\integracao\class\mod01\PHPMailer_5.2.4\docs\phpdoc\js\prettify\lang-apollo.js", "JavaScript", 0, 0, 2, 0, 0, 0, 0, 0, 0, 0, 0, 1, 3
"c:\Users\alves\Downloads\integracao-20231026T180259Z-001\integracao\class\mod01\PHPMailer_5.2.4\docs\phpdoc\js\prettify\lang-clj.js", "JavaScript", 0, 0, 3, 0, 0, 0, 0, 0, 0, 0, 15, 1, 19
"c:\Users\alves\Downloads\integracao-20231026T180259Z-001\integracao\class\mod01\PHPMailer_5.2.4\docs\phpdoc\js\prettify\lang-css.js", "JavaScript", 0, 0, 2, 0, 0, 0, 0, 0, 0, 0, 0, 1, 3
"c:\Users\alves\Downloads\integracao-20231026T180259Z-001\integracao\class\mod01\PHPMailer_5.2.4\docs\phpdoc\js\prettify\lang-go.js", "JavaScript", 0, 0, 1, 0, 0, 0, 0, 0, 0, 0, 0, 1, 2
"c:\Users\alves\Downloads\integracao-20231026T180259Z-001\integracao\class\mod01\PHPMailer_5.2.4\docs\phpdoc\js\prettify\lang-hs.js", "JavaScript", 0, 0, 2, 0, 0, 0, 0, 0, 0, 0, 0, 1, 3
"c:\Users\alves\Downloads\integracao-20231026T180259Z-001\integracao\class\mod01\PHPMailer_5.2.4\docs\phpdoc\js\prettify\lang-lisp.js", "JavaScript", 0, 0, 3, 0, 0, 0, 0, 0, 0, 0, 0, 1, 4
"c:\Users\alves\Downloads\integracao-20231026T180259Z-001\integracao\class\mod01\PHPMailer_5.2.4\docs\phpdoc\js\prettify\lang-lua.js", "JavaScript", 0, 0, 2, 0, 0, 0, 0, 0, 0, 0, 0, 1, 3
"c:\Users\alves\Downloads\integracao-20231026T180259Z-001\integracao\class\mod01\PHPMailer_5.2.4\docs\phpdoc\js\prettify\lang-ml.js", "JavaScript", 0, 0, 2, 0, 0, 0, 0, 0, 0, 0, 0, 1, 3
"c:\Users\alves\Downloads\integracao-20231026T180259Z-001\integracao\class\mod01\PHPMailer_5.2.4\docs\phpdoc\js\prettify\lang-n(1).js", "JavaScript", 0, 0, 4, 0, 0, 0, 0, 0, 0, 0, 0, 1, 5
"c:\Users\alves\Downloads\integracao-20231026T180259Z-001\integracao\class\mod01\PHPMailer_5.2.4\docs\phpdoc\js\prettify\lang-n.js", "JavaScript", 0, 0, 4, 0, 0, 0, 0, 0, 0, 0, 0, 1, 5
"c:\Users\alves\Downloads\integracao-20231026T180259Z-001\integracao\class\mod01\PHPMailer_5.2.4\docs\phpdoc\js\prettify\lang-proto.js", "JavaScript", 0, 0, 1, 0, 0, 0, 0, 0, 0, 0, 0, 1, 2
"c:\Users\alves\Downloads\integracao-20231026T180259Z-001\integracao\class\mod01\PHPMailer_5.2.4\docs\phpdoc\js\prettify\lang-scala.js", "JavaScript", 0, 0, 2, 0, 0, 0, 0, 0, 0, 0, 0, 1, 3
"c:\Users\alves\Downloads\integracao-20231026T180259Z-001\integracao\class\mod01\PHPMailer_5.2.4\docs\phpdoc\js\prettify\lang-sql(1).js", "JavaScript", 0, 0, 2, 0, 0, 0, 0, 0, 0, 0, 0, 1, 3
"c:\Users\alves\Downloads\integracao-20231026T180259Z-001\integracao\class\mod01\PHPMailer_5.2.4\docs\phpdoc\js\prettify\lang-sql.js", "JavaScript", 0, 0, 2, 0, 0, 0, 0, 0, 0, 0, 0, 1, 3
"c:\Users\alves\Downloads\integracao-20231026T180259Z-001\integracao\class\mod01\PHPMailer_5.2.4\docs\phpdoc\js\prettify\lang-tex.js", "JavaScript", 0, 0, 1, 0, 0, 0, 0, 0, 0, 0, 0, 1, 2
"c:\Users\alves\Downloads\integracao-20231026T180259Z-001\integracao\class\mod01\PHPMailer_5.2.4\docs\phpdoc\js\prettify\lang-vb.js", "JavaScript", 0, 0, 2, 0, 0, 0, 0, 0, 0, 0, 0, 1, 3
"c:\Users\alves\Downloads\integracao-20231026T180259Z-001\integracao\class\mod01\PHPMailer_5.2.4\docs\phpdoc\js\prettify\lang-vhdl.js", "JavaScript", 0, 0, 3, 0, 0, 0, 0, 0, 0, 0, 0, 1, 4
"c:\Users\alves\Downloads\integracao-20231026T180259Z-001\integracao\class\mod01\PHPMailer_5.2.4\docs\phpdoc\js\prettify\lang-wiki.js", "JavaScript", 0, 0, 2, 0, 0, 0, 0, 0, 0, 0, 0, 1, 3
"c:\Users\alves\Downloads\integracao-20231026T180259Z-001\integracao\class\mod01\PHPMailer_5.2.4\docs\phpdoc\js\prettify\lang-xq.js", "JavaScript", 0, 0, 3, 0, 0, 0, 0, 0, 0, 0, 0, 1, 4
"c:\Users\alves\Downloads\integracao-20231026T180259Z-001\integracao\class\mod01\PHPMailer_5.2.4\docs\phpdoc\js\prettify\lang-yaml.js", "JavaScript", 0, 0, 2, 0, 0, 0, 0, 0, 0, 0, 0, 1, 3
"c:\Users\alves\Downloads\integracao-20231026T180259Z-001\integracao\class\mod01\PHPMailer_5.2.4\docs\phpdoc\js\prettify\prettify.min.js", "JavaScript", 0, 0, 28, 0, 0, 0, 0, 0, 0, 0, 0, 1, 29
"c:\Users\alves\Downloads\integracao-20231026T180259Z-001\integracao\class\mod01\PHPMailer_5.2.4\docs\phpdoc\js\sidebar.js", "JavaScript", 0, 0, 34, 0, 0, 0, 0, 0, 0, 0, 3, 9, 46
"c:\Users\alves\Downloads\integracao-20231026T180259Z-001\integracao\class\mod01\PHPMailer_5.2.4\docs\phpdoc\js\template.js", "JavaScript", 0, 0, 143, 0, 0, 0, 0, 0, 0, 0, 20, 23, 186
"c:\Users\alves\Downloads\integracao-20231026T180259Z-001\integracao\class\mod01\PHPMailer_5.2.4\docs\phpdoc\markers.html", "HTML", 0, 97, 0, 0, 0, 0, 0, 0, 0, 0, 0, 1, 98
"c:\Users\alves\Downloads\integracao-20231026T180259Z-001\integracao\class\mod01\PHPMailer_5.2.4\docs\phpdoc\namespaces\global(1).html", "HTML", 0, 109, 0, 0, 0, 0, 0, 0, 0, 0, 0, 1, 110
"c:\Users\alves\Downloads\integracao-20231026T180259Z-001\integracao\class\mod01\PHPMailer_5.2.4\docs\phpdoc\namespaces\global.html", "HTML", 0, 109, 0, 0, 0, 0, 0, 0, 0, 0, 0, 1, 110
"c:\Users\alves\Downloads\integracao-20231026T180259Z-001\integracao\class\mod01\PHPMailer_5.2.4\docs\phpdoc\packages\PHPMailer.html", "HTML", 0, 115, 0, 0, 0, 0, 0, 0, 0, 0, 0, 1, 116
"c:\Users\alves\Downloads\integracao-20231026T180259Z-001\integracao\class\mod01\PHPMailer_5.2.4\docs\phpdoc\structure.xml", "XML", 0, 0, 0, 0, 0, 3761, 0, 0, 0, 0, 0, 19, 3780
"c:\Users\alves\Downloads\integracao-20231026T180259Z-001\integracao\class\mod01\PHPMailer_5.2.4\enviaremail(1).php", "PHP", 38, 0, 0, 0, 0, 0, 0, 0, 0, 0, 7, 6, 51
"c:\Users\alves\Downloads\integracao-20231026T180259Z-001\integracao\class\mod01\PHPMailer_5.2.4\enviaremail.php", "PHP", 38, 0, 0, 0, 0, 0, 0, 0, 0, 0, 7, 6, 51
"c:\Users\alves\Downloads\integracao-20231026T180259Z-001\integracao\class\mod01\PHPMailer_5.2.4\examples\contents.html", "HTML", 0, 20, 0, 0, 0, 0, 0, 0, 0, 0, 0, 1, 21
"c:\Users\alves\Downloads\integracao-20231026T180259Z-001\integracao\class\mod01\PHPMailer_5.2.4\examples\index.html", "HTML", 0, 50, 0, 0, 0, 0, 0, 0, 0, 0, 0, 1, 51
"c:\Users\alves\Downloads\integracao-20231026T180259Z-001\integracao\class\mod01\PHPMailer_5.2.4\examples\test_db_smtp_basic.php", "PHP", 43, 0, 0, 0, 0, 0, 0, 0, 0, 0, 3, 13, 59
"c:\Users\alves\Downloads\integracao-20231026T180259Z-001\integracao\class\mod01\PHPMailer_5.2.4\examples\test_mail_advanced.php", "PHP", 27, 0, 0, 0, 0, 0, 0, 0, 0, 0, 0, 4, 31
"c:\Users\alves\Downloads\integracao-20231026T180259Z-001\integracao\class\mod01\PHPMailer_5.2.4\examples\test_mail_basic.php", "PHP", 27, 0, 0, 0, 0, 0, 0, 0, 0, 0, 0, 15, 42
"c:\Users\alves\Downloads\integracao-20231026T180259Z-001\integracao\class\mod01\PHPMailer_5.2.4\examples\test_pop_before_smtp_advanced.php", "PHP", 33, 0, 0, 0, 0, 0, 0, 0, 0, 0, 0, 7, 40
"c:\Users\alves\Downloads\integracao-20231026T180259Z-001\integracao\class\mod01\PHPMailer_5.2.4\examples\test_pop_before_smtp_basic.php", "PHP", 33, 0, 0, 0, 0, 0, 0, 0, 0, 0, 0, 17, 50
"c:\Users\alves\Downloads\integracao-20231026T180259Z-001\integracao\class\mod01\PHPMailer_5.2.4\examples\test_sendmail_advanced.php", "PHP", 28, 0, 0, 0, 0, 0, 0, 0, 0, 0, 0, 6, 34
"c:\Users\alves\Downloads\integracao-20231026T180259Z-001\integracao\class\mod01\PHPMailer_5.2.4\examples\test_sendmail_basic.php", "PHP", 28, 0, 0, 0, 0, 0, 0, 0, 0, 0, 0, 16, 44
"c:\Users\alves\Downloads\integracao-20231026T180259Z-001\integracao\class\mod01\PHPMailer_5.2.4\examples\test_smtp_advanced.php", "PHP", 35, 0, 0, 0, 0, 0, 0, 0, 0, 0, 1, 7, 43
"c:\Users\alves\Downloads\integracao-20231026T180259Z-001\integracao\class\mod01\PHPMailer_5.2.4\examples\test_smtp_advanced_no_auth.php", "PHP", 30, 0, 0, 0, 0, 0, 0, 0, 0, 0, 1, 6, 37
"c:\Users\alves\Downloads\integracao-20231026T180259Z-001\integracao\class\mod01\PHPMailer_5.2.4\examples\test_smtp_basic.php", "PHP", 37, 0, 0, 0, 0, 0, 0, 0, 0, 0, 4, 18, 59
"c:\Users\alves\Downloads\integracao-20231026T180259Z-001\integracao\class\mod01\PHPMailer_5.2.4\examples\test_smtp_basic_no_auth.php", "PHP", 32, 0, 0, 0, 0, 0, 0, 0, 0, 0, 4, 18, 54
"c:\Users\alves\Downloads\integracao-20231026T180259Z-001\integracao\class\mod01\PHPMailer_5.2.4\examples\test_smtp_gmail_advanced.php", "PHP", 36, 0, 0, 0, 0, 0, 0, 0, 0, 0, 1, 6, 43
"c:\Users\alves\Downloads\integracao-20231026T180259Z-001\integracao\class\mod01\PHPMailer_5.2.4\examples\test_smtp_gmail_basic.php", "PHP", 38, 0, 0, 0, 0, 0, 0, 0, 0, 0, 4, 18, 60
"c:\Users\alves\Downloads\integracao-20231026T180259Z-001\integracao\class\mod01\PHPMailer_5.2.4\extras\htmlfilter.php", "PHP", 507, 0, 0, 0, 0, 0, 0, 0, 0, 0, 323, 32, 862
"c:\Users\alves\Downloads\integracao-20231026T180259Z-001\integracao\class\mod01\PHPMailer_5.2.4\extras\ntlm_sasl_client.php", "PHP", 164, 0, 0, 0, 0, 0, 0, 0, 0, 0, 11, 10, 185
"c:\Users\alves\Downloads\integracao-20231026T180259Z-001\integracao\class\mod01\PHPMailer_5.2.4\formemail(1).php", "PHP", 20, 0, 0, 0, 0, 0, 0, 0, 0, 0, 0, 4, 24
"c:\Users\alves\Downloads\integracao-20231026T180259Z-001\integracao\class\mod01\PHPMailer_5.2.4\formemail.php", "PHP", 20, 0, 0, 0, 0, 0, 0, 0, 0, 0, 0, 4, 24
"c:\Users\alves\Downloads\integracao-20231026T180259Z-001\integracao\class\mod01\PHPMailer_5.2.4\language\phpmailer.lang-ar.php", "PHP", 15, 0, 0, 0, 0, 0, 0, 0, 0, 0, 11, 2, 28
"c:\Users\alves\Downloads\integracao-20231026T180259Z-001\integracao\class\mod01\PHPMailer_5.2.4\language\phpmailer.lang-br.php", "PHP", 14, 0, 0, 0, 0, 0, 0, 0, 0, 0, 11, 2, 27
"c:\Users\alves\Downloads\integracao-20231026T180259Z-001\integracao\class\mod01\PHPMailer_5.2.4\language\phpmailer.lang-ca.php", "PHP", 14, 0, 0, 0, 0, 0, 0, 0, 0, 0, 11, 2, 27
"c:\Users\alves\Downloads\integracao-20231026T180259Z-001\integracao\class\mod01\PHPMailer_5.2.4\language\phpmailer.lang-ch.php", "PHP", 14, 0, 0, 0, 0, 0, 0, 0, 0, 0, 11, 2, 27
"c:\Users\alves\Downloads\integracao-20231026T180259Z-001\integracao\class\mod01\PHPMailer_5.2.4\language\phpmailer.lang-cz.php", "PHP", 14, 0, 0, 0, 0, 0, 0, 0, 0, 0, 10, 2, 26
"c:\Users\alves\Downloads\integracao-20231026T180259Z-001\integracao\class\mod01\PHPMailer_5.2.4\language\phpmailer.lang-de.php", "PHP", 20, 0, 0, 0, 0, 0, 0, 0, 0, 0, 4, 2, 26
"c:\Users\alves\Downloads\integracao-20231026T180259Z-001\integracao\class\mod01\PHPMailer_5.2.4\language\phpmailer.lang-dk.php", "PHP", 14, 0, 0, 0, 0, 0, 0, 0, 0, 0, 11, 2, 27
"c:\Users\alves\Downloads\integracao-20231026T180259Z-001\integracao\class\mod01\PHPMailer_5.2.4\language\phpmailer.lang-es.php", "PHP", 15, 0, 0, 0, 0, 0, 0, 0, 0, 0, 10, 2, 27
"c:\Users\alves\Downloads\integracao-20231026T180259Z-001\integracao\class\mod01\PHPMailer_5.2.4\language\phpmailer.lang-et.php", "PHP", 19, 0, 0, 0, 0, 0, 0, 0, 0, 0, 6, 2, 27
"c:\Users\alves\Downloads\integracao-20231026T180259Z-001\integracao\class\mod01\PHPMailer_5.2.4\language\phpmailer.lang-fi.php", "PHP", 15, 0, 0, 0, 0, 0, 0, 0, 0, 0, 11, 2, 28
"c:\Users\alves\Downloads\integracao-20231026T180259Z-001\integracao\class\mod01\PHPMailer_5.2.4\language\phpmailer.lang-fo.php", "PHP", 14, 0, 0, 0, 0, 0, 0, 0, 0, 0, 12, 2, 28
"c:\Users\alves\Downloads\integracao-20231026T180259Z-001\integracao\class\mod01\PHPMailer_5.2.4\language\phpmailer.lang-fr.php", "PHP", 15, 0, 0, 0, 0, 0, 0, 0, 0, 0, 9, 2, 26
"c:\Users\alves\Downloads\integracao-20231026T180259Z-001\integracao\class\mod01\PHPMailer_5.2.4\language\phpmailer.lang-hu.php", "PHP", 14, 0, 0, 0, 0, 0, 0, 0, 0, 0, 10, 2, 26
"c:\Users\alves\Downloads\integracao-20231026T180259Z-001\integracao\class\mod01\PHPMailer_5.2.4\language\phpmailer.lang-it.php", "PHP", 14, 0, 0, 0, 0, 0, 0, 0, 0, 0, 12, 2, 28
"c:\Users\alves\Downloads\integracao-20231026T180259Z-001\integracao\class\mod01\PHPMailer_5.2.4\language\phpmailer.lang-ja.php", "PHP", 14, 0, 0, 0, 0, 0, 0, 0, 0, 0, 11, 2, 27
"c:\Users\alves\Downloads\integracao-20231026T180259Z-001\integracao\class\mod01\PHPMailer_5.2.4\language\phpmailer.lang-nl.php", "PHP", 19, 0, 0, 0, 0, 0, 0, 0, 0, 0, 4, 3, 26
"c:\Users\alves\Downloads\integracao-20231026T180259Z-001\integracao\class\mod01\PHPMailer_5.2.4\language\phpmailer.lang-no.php", "PHP", 14, 0, 0, 0, 0, 0, 0, 0, 0, 0, 10, 2, 26
"c:\Users\alves\Downloads\integracao-20231026T180259Z-001\integracao\class\mod01\PHPMailer_5.2.4\language\phpmailer.lang-pl.php", "PHP", 14, 0, 0, 0, 0, 0, 0, 0, 0, 0, 10, 2, 26
"c:\Users\alves\Downloads\integracao-20231026T180259Z-001\integracao\class\mod01\PHPMailer_5.2.4\language\phpmailer.lang-ro.php", "PHP", 14, 0, 0, 0, 0, 0, 0, 0, 0, 0, 12, 2, 28
"c:\Users\alves\Downloads\integracao-20231026T180259Z-001\integracao\class\mod01\PHPMailer_5.2.4\language\phpmailer.lang-ru.php", "PHP", 20, 0, 0, 0, 0, 0, 0, 0, 0, 0, 4, 3, 27
"c:\Users\alves\Downloads\integracao-20231026T180259Z-001\integracao\class\mod01\PHPMailer_5.2.4\language\phpmailer.lang-se.php", "PHP", 14, 0, 0, 0, 0, 0, 0, 0, 0, 0, 11, 2, 27
"c:\Users\alves\Downloads\integracao-20231026T180259Z-001\integracao\class\mod01\PHPMailer_5.2.4\language\phpmailer.lang-sk.php", "PHP", 20, 0, 0, 0, 0, 0, 0, 0, 0, 0, 5, 2, 27
"c:\Users\alves\Downloads\integracao-20231026T180259Z-001\integracao\class\mod01\PHPMailer_5.2.4\language\phpmailer.lang-tr.php", "PHP", 20, 0, 0, 0, 0, 0, 0, 0, 0, 0, 6, 2, 28
"c:\Users\alves\Downloads\integracao-20231026T180259Z-001\integracao\class\mod01\PHPMailer_5.2.4\language\phpmailer.lang-zh.php", "PHP", 14, 0, 0, 0, 0, 0, 0, 0, 0, 0, 11, 2, 27
"c:\Users\alves\Downloads\integracao-20231026T180259Z-001\integracao\class\mod01\PHPMailer_5.2.4\language\phpmailer.lang-zh_cn.php", "PHP", 14, 0, 0, 0, 0, 0, 0, 0, 0, 0, 11, 2, 27
"c:\Users\alves\Downloads\integracao-20231026T180259Z-001\integracao\class\mod01\PHPMailer_5.2.4\sucesso(1).php", "PHP", 10, 0, 0, 0, 0, 0, 0, 0, 0, 0, 0, 0, 10
"c:\Users\alves\Downloads\integracao-20231026T180259Z-001\integracao\class\mod01\PHPMailer_5.2.4\sucesso.php", "PHP", 10, 0, 0, 0, 0, 0, 0, 0, 0, 0, 0, 0, 10
"c:\Users\alves\Downloads\integracao-20231026T180259Z-001\integracao\class\mod01\PHPMailer_5.2.4\test\contents.html", "HTML", 0, 10, 0, 0, 0, 0, 0, 0, 0, 0, 0, 1, 11
"c:\Users\alves\Downloads\integracao-20231026T180259Z-001\integracao\class\mod01\PHPMailer_5.2.4\test\phpmailerTest.php", "PHP", 472, 0, 0, 0, 0, 0, 0, 0, 0, 0, 183, 96, 751
"c:\Users\alves\Downloads\integracao-20231026T180259Z-001\integracao\class\mod01\PHPMailer_5.2.4\test\test_callback.php", "PHP", 61, 0, 0, 0, 0, 0, 0, 0, 0, 0, 16, 8, 85
"c:\Users\alves\Downloads\integracao-20231026T180259Z-001\integracao\class\mod01\PHPMailer_5.2.4\test\testemail.php", "PHP", 29, 0, 0, 0, 0, 0, 0, 0, 0, 0, 5, 14, 48
"c:\Users\alves\Downloads\integracao-20231026T180259Z-001\integracao\class\mod01\PHPMailer_5.2.4\test_script\contents.html", "HTML", 0, 12, 0, 0, 0, 0, 0, 0, 0, 0, 0, 3, 15
"c:\Users\alves\Downloads\integracao-20231026T180259Z-001\integracao\class\mod01\PHPMailer_5.2.4\test_script\index.php", "PHP", 382, 0, 0, 0, 0, 0, 0, 0, 0, 0, 4, 42, 428
"c:\Users\alves\Downloads\integracao-20231026T180259Z-001\integracao\class\mod01\PHPMailer_5.2.4\test_script\scripts\shBrushBash.js", "JavaScript", 0, 0, 27, 0, 0, 0, 0, 0, 0, 0, 29, 4, 60
"c:\Users\alves\Downloads\integracao-20231026T180259Z-001\integracao\class\mod01\PHPMailer_5.2.4\test_script\scripts\shBrushCSharp.js", "JavaScript", 0, 0, 29, 0, 0, 0, 0, 0, 0, 0, 29, 7, 65
"c:\Users\alves\Downloads\integracao-20231026T180259Z-001\integracao\class\mod01\PHPMailer_5.2.4\test_script\scripts\shBrushCpp.js", "JavaScript", 0, 0, 64, 0, 0, 0, 0, 0, 0, 0, 30, 6, 100
"c:\Users\alves\Downloads\integracao-20231026T180259Z-001\integracao\class\mod01\PHPMailer_5.2.4\test_script\scripts\shBrushCss.js", "JavaScript", 0, 0, 57, 0, 0, 0, 0, 0, 0, 0, 29, 8, 94
"c:\Users\alves\Downloads\integracao-20231026T180259Z-001\integracao\class\mod01\PHPMailer_5.2.4\test_script\scripts\shBrushDelphi.js", "JavaScript", 0, 0, 26, 0, 0, 0, 0, 0, 0, 0, 29, 3, 58
"c:\Users\alves\Downloads\integracao-20231026T180259Z-001\integracao\class\mod01\PHPMailer_5.2.4\test_script\scripts\shBrushDiff.js", "JavaScript", 0, 0, 13, 0, 0, 0, 0, 0, 0, 0, 29, 2, 44
"c:\Users\alves\Downloads\integracao-20231026T180259Z-001\integracao\class\mod01\PHPMailer_5.2.4\test_script\scripts\shBrushGroovy.js", "JavaScript", 0, 0, 34, 0, 0, 0, 0, 0, 0, 0, 31, 5, 70
"c:\Users\alves\Downloads\integracao-20231026T180259Z-001\integracao\class\mod01\PHPMailer_5.2.4\test_script\scripts\shBrushJScript.js", "JavaScript", 0, 0, 19, 0, 0, 0, 0, 0, 0, 0, 29, 4, 52
"c:\Users\alves\Downloads\integracao-20231026T180259Z-001\integracao\class\mod01\PHPMailer_5.2.4\test_script\scripts\shBrushJava.js", "JavaScript", 0, 0, 23, 0, 0, 0, 0, 0, 0, 0, 29, 4, 56
"c:\Users\alves\Downloads\integracao-20231026T180259Z-001\integracao\class\mod01\PHPMailer_5.2.4\test_script\scripts\shBrushPerl.js", "JavaScript", 0, 0, 39, 0, 0, 0, 0, 0, 0, 0, 30, 5, 74
"c:\Users\alves\Downloads\integracao-20231026T180259Z-001\integracao\class\mod01\PHPMailer_5.2.4\test_script\scripts\shBrushPhp.js", "JavaScript", 0, 0, 57, 0, 0, 0, 0, 0, 0, 0, 29, 6, 92
"c:\Users\alves\Downloads\integracao-20231026T180259Z-001\integracao\class\mod01\PHPMailer_5.2.4\test_script\scripts\shBrushPlain.js", "JavaScript", 0, 0, 5, 0, 0, 0, 0, 0, 0, 0, 29, 2, 36
"c:\Users\alves\Downloads\integracao-20231026T180259Z-001\integracao\class\mod01\PHPMailer_5.2.4\test_script\scripts\shBrushPython.js", "JavaScript", 0, 0, 21, 0, 0, 0, 0, 0, 0, 0, 30, 6, 57
"c:\Users\alves\Downloads\integracao-20231026T180259Z-001\integracao\class\mod01\PHPMailer_5.2.4\test_script\scripts\shBrushRuby.js", "JavaScript", 0, 0, 22, 0, 0, 0, 0, 0, 0, 0, 30, 6, 58
"c:\Users\alves\Downloads\integracao-20231026T180259Z-001\integracao\class\mod01\PHPMailer_5.2.4\test_script\scripts\shBrushScala.js", "JavaScript", 0, 0, 19, 0, 0, 0, 0, 0, 0, 0, 30, 5, 54
"c:\Users\alves\Downloads\integracao-20231026T180259Z-001\integracao\class\mod01\PHPMailer_5.2.4\test_script\scripts\shBrushSql.js", "JavaScript", 0, 0, 34, 0, 0, 0, 0, 0, 0, 0, 29, 6, 69
"c:\Users\alves\Downloads\integracao-20231026T180259Z-001\integracao\class\mod01\PHPMailer_5.2.4\test_script\scripts\shBrushVb.js", "JavaScript", 0, 0, 26, 0, 0, 0, 0, 0, 0, 0, 29, 4, 59
"c:\Users\alves\Downloads\integracao-20231026T180259Z-001\integracao\class\mod01\PHPMailer_5.2.4\test_script\scripts\shBrushXml.js", "JavaScript", 0, 0, 36, 0, 0, 0, 0, 0, 0, 0, 29, 7, 72
"c:\Users\alves\Downloads\integracao-20231026T180259Z-001\integracao\class\mod01\PHPMailer_5.2.4\test_script\scripts\shCore.js", "JavaScript", 0, 0, 1, 0, 0, 0, 0, 0, 0, 0, 29, 1, 31
"c:\Users\alves\Downloads\integracao-20231026T180259Z-001\integracao\class\mod01\PHPMailer_5.2.4\test_script\scripts\shLegacy.js", "JavaScript", 0, 0, 1, 0, 0, 0, 0, 0, 0, 0, 29, 1, 31
"c:\Users\alves\Downloads\integracao-20231026T180259Z-001\integracao\class\mod01\PHPMailer_5.2.4\test_script\src\shCore.js", "JavaScript", 0, 0, 1171, 0, 0, 0, 0, 0, 0, 0, 494, 285, 1950
"c:\Users\alves\Downloads\integracao-20231026T180259Z-001\integracao\class\mod01\PHPMailer_5.2.4\test_script\src\shLegacy.js", "JavaScript", 0, 0, 118, 0, 0, 0, 0, 0, 0, 0, 30, 25, 173
"c:\Users\alves\Downloads\integracao-20231026T180259Z-001\integracao\class\mod01\PHPMailer_5.2.4\test_script\styles\shCore.css", "CSS", 0, 0, 0, 0, 236, 0, 0, 0, 0, 0, 40, 46, 322
"c:\Users\alves\Downloads\integracao-20231026T180259Z-001\integracao\class\mod01\PHPMailer_5.2.4\test_script\styles\shThemeDefault.css", "CSS", 0, 0, 0, 0, 121, 0, 0, 0, 0, 0, 43, 28, 192
"c:\Users\alves\Downloads\integracao-20231026T180259Z-001\integracao\class\mod01\PHPMailer_5.2.4\test_script\styles\shThemeDjango.css", "CSS", 0, 0, 0, 0, 121, 0, 0, 0, 0, 0, 44, 29, 194
"c:\Users\alves\Downloads\integracao-20231026T180259Z-001\integracao\class\mod01\PHPMailer_5.2.4\test_script\styles\shThemeEmacs.css", "CSS", 0, 0, 0, 0, 119, 0, 0, 0, 0, 0, 45, 29, 193
"c:\Users\alves\Downloads\integracao-20231026T180259Z-001\integracao\class\mod01\PHPMailer_5.2.4\test_script\styles\shThemeFadeToGrey.css", "CSS", 0, 0, 0, 0, 120, 0, 0, 0, 0, 0, 45, 29, 194
"c:\Users\alves\Downloads\integracao-20231026T180259Z-001\integracao\class\mod01\PHPMailer_5.2.4\test_script\styles\shThemeMidnight.css", "CSS", 0, 0, 0, 0, 119, 0, 0, 0, 0, 0, 45, 29, 193
"c:\Users\alves\Downloads\integracao-20231026T180259Z-001\integracao\class\mod01\PHPMailer_5.2.4\test_script\styles\shThemeRDark.css", "CSS", 0, 0, 0, 0, 119, 0, 0, 0, 0, 0, 45, 29, 193
"c:\Users\alves\Downloads\integracao-20231026T180259Z-001\integracao\class\mod01\PHPMailer_5.2.4\test_script\test.html", "HTML", 0, 24, 0, 0, 0, 0, 0, 0, 0, 0, 20, 3, 47
"c:\Users\alves\Downloads\integracao-20231026T180259Z-001\integracao\class\mod01\RecuperarSenha.php", "PHP", 60, 0, 0, 0, 0, 0, 0, 0, 0, 0, 10, 18, 88
"c:\Users\alves\Downloads\integracao-20231026T180259Z-001\integracao\class\mod01\cadastrar_usuario.php", "PHP", 135, 0, 0, 0, 0, 0, 0, 0, 0, 0, 18, 33, 186
"c:\Users\alves\Downloads\integracao-20231026T180259Z-001\integracao\class\mod01\enviarEmailFeedback.php", "PHP", 77, 0, 0, 0, 0, 0, 0, 0, 0, 0, 6, 27, 110
"c:\Users\alves\Downloads\integracao-20231026T180259Z-001\integracao\class\mod01\logout.php", "PHP", 5, 0, 0, 0, 0, 0, 0, 0, 0, 0, 0, 1, 6
"c:\Users\alves\Downloads\integracao-20231026T180259Z-001\integracao\class\mod01\sucesso.php", "PHP", 133, 0, 0, 0, 0, 0, 0, 0, 0, 0, 2, 47, 182
"c:\Users\alves\Downloads\integracao-20231026T180259Z-001\integracao\class\mod01\teste.php", "PHP", 26, 0, 0, 0, 0, 0, 0, 0, 0, 0, 5, 18, 49
"c:\Users\alves\Downloads\integracao-20231026T180259Z-001\integracao\class\mod01\verificarlogin.php", "PHP", 30, 0, 0, 0, 0, 0, 0, 0, 0, 0, 1, 36, 67
"c:\Users\alves\Downloads\integracao-20231026T180259Z-001\integracao\class\mod02\PCD.php", "PHP", 93, 0, 0, 0, 0, 0, 0, 0, 0, 0, 0, 26, 119
"c:\Users\alves\Downloads\integracao-20231026T180259Z-001\integracao\class\mod02\Sensor.php", "PHP", 61, 0, 0, 0, 0, 0, 0, 0, 0, 0, 0, 30, 91
"c:\Users\alves\Downloads\integracao-20231026T180259Z-001\integracao\class\mod02\alteracaoDeStatus.php", "PHP", 59, 0, 0, 0, 0, 0, 0, 0, 0, 0, 0, 18, 77
"c:\Users\alves\Downloads\integracao-20231026T180259Z-001\integracao\class\mod02\alterar-status-pcd.php", "PHP", 27, 0, 0, 0, 0, 0, 0, 0, 0, 0, 0, 12, 39
"c:\Users\alves\Downloads\integracao-20231026T180259Z-001\integracao\class\mod02\cadastrarPCD.php", "PHP", 15, 0, 0, 0, 0, 0, 0, 0, 0, 0, 6, 19, 40
"c:\Users\alves\Downloads\integracao-20231026T180259Z-001\integracao\class\mod02\cadastrarSensor.php", "PHP", 14, 0, 0, 0, 0, 0, 0, 0, 0, 0, 6, 14, 34
"c:\Users\alves\Downloads\integracao-20231026T180259Z-001\integracao\class\mod02\cadastrarTipoSensor.php", "PHP", 18, 0, 0, 0, 0, 0, 0, 0, 0, 0, 0, 7, 25
"c:\Users\alves\Downloads\integracao-20231026T180259Z-001\integracao\class\mod02\editarPCD.php", "PHP", 15, 0, 0, 0, 0, 0, 0, 0, 0, 0, 6, 22, 43
"c:\Users\alves\Downloads\integracao-20231026T180259Z-001\integracao\class\mod02\editarSensor.php", "PHP", 14, 0, 0, 0, 0, 0, 0, 0, 0, 0, 6, 16, 36
"c:\Users\alves\Downloads\integracao-20231026T180259Z-001\integracao\class\mod02\editarTipoSensor.php", "PHP", 18, 0, 0, 0, 0, 0, 0, 0, 0, 0, 0, 5, 23
"c:\Users\alves\Downloads\integracao-20231026T180259Z-001\integracao\class\mod02\excluirPCD.php", "PHP", 18, 0, 0, 0, 0, 0, 0, 0, 0, 0, 6, 27, 51
"c:\Users\alves\Downloads\integracao-20231026T180259Z-001\integracao\class\mod02\excluirSensor.php", "PHP", 18, 0, 0, 0, 0, 0, 0, 0, 0, 0, 6, 18, 42
"c:\Users\alves\Downloads\integracao-20231026T180259Z-001\integracao\class\mod02\excluirTipoSensor.php", "PHP", 23, 0, 0, 0, 0, 0, 0, 0, 0, 0, 0, 7, 30
"c:\Users\alves\Downloads\integracao-20231026T180259Z-001\integracao\class\mod02\idTipoMedicaoPorDescricao.php", "PHP", 5, 0, 0, 0, 0, 0, 0, 0, 0, 0, 0, 2, 7
"c:\Users\alves\Downloads\integracao-20231026T180259Z-001\integracao\class\mod02\tipoMedicao.php", "PHP", 23, 0, 0, 0, 0, 0, 0, 0, 0, 0, 0, 6, 29
"c:\Users\alves\Downloads\integracao-20231026T180259Z-001\integracao\class\mod02\tipoSensor.php", "PHP", 60, 0, 0, 0, 0, 0, 0, 0, 0, 0, 0, 21, 81
"c:\Users\alves\Downloads\integracao-20231026T180259Z-001\integracao\class\mod02\unidadeMedida.php", "PHP", 31, 0, 0, 0, 0, 0, 0, 0, 0, 0, 0, 10, 41
"c:\Users\alves\Downloads\integracao-20231026T180259Z-001\integracao\class\mod04\PCD.php", "PHP", 61, 0, 0, 0, 0, 0, 0, 0, 0, 0, 0, 22, 83
"c:\Users\alves\Downloads\integracao-20231026T180259Z-001\integracao\class\mod04\listarSensores.php", "PHP", 17, 0, 0, 0, 0, 0, 0, 0, 0, 0, 0, 6, 23
"c:\Users\alves\Downloads\integracao-20231026T180259Z-001\integracao\class\mod05\PHPMailer\.scrutinizer.yml", "YAML", 0, 0, 0, 0, 0, 0, 0, 0, 113, 0, 8, 12, 133
"c:\Users\alves\Downloads\integracao-20231026T180259Z-001\integracao\class\mod05\PHPMailer\.travis.yml", "YAML", 0, 0, 0, 0, 0, 0, 0, 0, 30, 0, 0, 3, 33
"c:\Users\alves\Downloads\integracao-20231026T180259Z-001\integracao\class\mod05\PHPMailer\PHPMailerAutoload.php", "PHP", 20, 0, 0, 0, 0, 0, 0, 0, 0, 0, 27, 3, 50
"c:\Users\alves\Downloads\integracao-20231026T180259Z-001\integracao\class\mod05\PHPMailer\README.md", "Markdown", 0, 0, 0, 0, 0, 0, 128, 0, 0, 0, 0, 67, 195
"c:\Users\alves\Downloads\integracao-20231026T180259Z-001\integracao\class\mod05\PHPMailer\changelog.md", "Markdown", 0, 0, 0, 0, 0, 0, 573, 0, 0, 0, 0, 72, 645
"c:\Users\alves\Downloads\integracao-20231026T180259Z-001\integracao\class\mod05\PHPMailer\class.phpmailer.php", "PHP", 2286, 0, 0, 0, 0, 0, 0, 0, 0, 0, 1417, 253, 3956
"c:\Users\alves\Downloads\integracao-20231026T180259Z-001\integracao\class\mod05\PHPMailer\class.phpmaileroauth.php", "PHP", 110, 0, 0, 0, 0, 0, 0, 0, 0, 0, 75, 12, 197
"c:\Users\alves\Downloads\integracao-20231026T180259Z-001\integracao\class\mod05\PHPMailer\class.phpmaileroauthgoogle.php", "PHP", 41, 0, 0, 0, 0, 0, 0, 0, 0, 0, 30, 7, 78
"c:\Users\alves\Downloads\integracao-20231026T180259Z-001\integracao\class\mod05\PHPMailer\class.pop3.php", "PHP", 176, 0, 0, 0, 0, 0, 0, 0, 0, 0, 199, 33, 408
"c:\Users\alves\Downloads\integracao-20231026T180259Z-001\integracao\class\mod05\PHPMailer\class.smtp.php", "PHP", 631, 0, 0, 0, 0, 0, 0, 0, 0, 0, 495, 89, 1215
"c:\Users\alves\Downloads\integracao-20231026T180259Z-001\integracao\class\mod05\PHPMailer\composer.json", "JSON", 0, 0, 0, 44, 0, 0, 0, 0, 0, 0, 0, 1, 45
"c:\Users\alves\Downloads\integracao-20231026T180259Z-001\integracao\class\mod05\PHPMailer\composer.lock", "JSON", 0, 0, 0, 3576, 0, 0, 0, 0, 0, 0, 0, 1, 3577
"c:\Users\alves\Downloads\integracao-20231026T180259Z-001\integracao\class\mod05\PHPMailer\docs\extending.html", "HTML", 0, 102, 0, 0, 0, 0, 0, 0, 0, 0, 0, 27, 129
"c:\Users\alves\Downloads\integracao-20231026T180259Z-001\integracao\class\mod05\PHPMailer\docs\faq.html", "HTML", 0, 28, 0, 0, 0, 0, 0, 0, 0, 0, 0, 1, 29
"c:\Users\alves\Downloads\integracao-20231026T180259Z-001\integracao\class\mod05\PHPMailer\docs\generatedocs.sh", "Shell Script", 0, 0, 0, 0, 0, 0, 0, 2, 0, 0, 6, 1, 9
"c:\Users\alves\Downloads\integracao-20231026T180259Z-001\integracao\class\mod05\PHPMailer\examples\contents.html", "HTML", 0, 17, 0, 0, 0, 0, 0, 0, 0, 0, 0, 1, 18
"c:\Users\alves\Downloads\integracao-20231026T180259Z-001\integracao\class\mod05\PHPMailer\examples\contentsutf8.html", "HTML", 0, 20, 0, 0, 0, 0, 0, 0, 0, 0, 0, 1, 21
"c:\Users\alves\Downloads\integracao-20231026T180259Z-001\integracao\class\mod05\PHPMailer\examples\index.html", "HTML", 0, 48, 0, 0, 0, 0, 0, 0, 0, 0, 0, 1, 49
"c:\Users\alves\Downloads\integracao-20231026T180259Z-001\integracao\class\mod05\PHPMailer\examples\scripts\XRegExp.js", "JavaScript", 0, 0, 409, 0, 0, 0, 0, 0, 0, 0, 178, 78, 665
"c:\Users\alves\Downloads\integracao-20231026T180259Z-001\integracao\class\mod05\PHPMailer\examples\scripts\shAutoloader.js", "JavaScript", 0, 0, 84, 0, 0, 0, 0, 0, 0, 0, 21, 18, 123
"c:\Users\alves\Downloads\integracao-20231026T180259Z-001\integracao\class\mod05\PHPMailer\examples\scripts\shBrushPhp.js", "JavaScript", 0, 0, 62, 0, 0, 0, 0, 0, 0, 0, 2, 9, 73
"c:\Users\alves\Downloads\integracao-20231026T180259Z-001\integracao\class\mod05\PHPMailer\examples\scripts\shCore.js", "JavaScript", 0, 0, 1, 0, 0, 0, 0, 0, 0, 0, 0, 0, 1
"c:\Users\alves\Downloads\integracao-20231026T180259Z-001\integracao\class\mod05\PHPMailer\examples\scripts\shLegacy.js", "JavaScript", 0, 0, 116, 0, 0, 0, 0, 0, 0, 0, 2, 24, 142
"c:\Users\alves\Downloads\integracao-20231026T180259Z-001\integracao\class\mod05\PHPMailer\examples\styles\shCore.css", "CSS", 0, 0, 0, 0, 46, 0, 0, 0, 0, 0, 0, 1, 47
"c:\Users\alves\Downloads\integracao-20231026T180259Z-001\integracao\class\mod05\PHPMailer\examples\styles\shCoreDefault.css", "CSS", 0, 0, 0, 0, 77, 0, 0, 0, 0, 0, 0, 1, 78
"c:\Users\alves\Downloads\integracao-20231026T180259Z-001\integracao\class\mod05\PHPMailer\examples\styles\shCoreDjango.css", "CSS", 0, 0, 0, 0, 78, 0, 0, 0, 0, 0, 0, 1, 79
"c:\Users\alves\Downloads\integracao-20231026T180259Z-001\integracao\class\mod05\PHPMailer\examples\styles\shCoreEclipse.css", "CSS", 0, 0, 0, 0, 80, 0, 0, 0, 0, 0, 0, 1, 81
"c:\Users\alves\Downloads\integracao-20231026T180259Z-001\integracao\class\mod05\PHPMailer\examples\styles\shCoreEmacs.css", "CSS", 0, 0, 0, 0, 76, 0, 0, 0, 0, 0, 0, 1, 77
"c:\Users\alves\Downloads\integracao-20231026T180259Z-001\integracao\class\mod05\PHPMailer\examples\styles\shCoreFadeToGrey.css", "CSS", 0, 0, 0, 0, 77, 0, 0, 0, 0, 0, 0, 1, 78
"c:\Users\alves\Downloads\integracao-20231026T180259Z-001\integracao\class\mod05\PHPMailer\examples\styles\shCoreMDUltra.css", "CSS", 0, 0, 0, 0, 76, 0, 0, 0, 0, 0, 0, 1, 77
"c:\Users\alves\Downloads\integracao-20231026T180259Z-001\integracao\class\mod05\PHPMailer\examples\styles\shCoreMidnight.css", "CSS", 0, 0, 0, 0, 76, 0, 0, 0, 0, 0, 0, 1, 77
"c:\Users\alves\Downloads\integracao-20231026T180259Z-001\integracao\class\mod05\PHPMailer\examples\styles\shCoreRDark.css", "CSS", 0, 0, 0, 0, 76, 0, 0, 0, 0, 0, 0, 1, 77
"c:\Users\alves\Downloads\integracao-20231026T180259Z-001\integracao\class\mod05\PHPMailer\examples\styles\shThemeAppleScript.css", "CSS", 0, 0, 0, 0, 21, 0, 0, 0, 0, 0, 0, 1, 22
"c:\Users\alves\Downloads\integracao-20231026T180259Z-001\integracao\class\mod05\PHPMailer\examples\styles\shThemeDefault.css", "CSS", 0, 0, 0, 0, 31, 0, 0, 0, 0, 0, 0, 1, 32
"c:\Users\alves\Downloads\integracao-20231026T180259Z-001\integracao\class\mod05\PHPMailer\examples\styles\shThemeDjango.css", "CSS", 0, 0, 0, 0, 32, 0, 0, 0, 0, 0, 0, 1, 33
"c:\Users\alves\Downloads\integracao-20231026T180259Z-001\integracao\class\mod05\PHPMailer\examples\styles\shThemeEclipse.css", "CSS", 0, 0, 0, 0, 34, 0, 0, 0, 0, 0, 0, 1, 35
"c:\Users\alves\Downloads\integracao-20231026T180259Z-001\integracao\class\mod05\PHPMailer\examples\styles\shThemeEmacs.css", "CSS", 0, 0, 0, 0, 30, 0, 0, 0, 0, 0, 0, 1, 31
"c:\Users\alves\Downloads\integracao-20231026T180259Z-001\integracao\class\mod05\PHPMailer\examples\styles\shThemeFadeToGrey.css", "CSS", 0, 0, 0, 0, 31, 0, 0, 0, 0, 0, 0, 1, 32
"c:\Users\alves\Downloads\integracao-20231026T180259Z-001\integracao\class\mod05\PHPMailer\examples\styles\shThemeMDUltra.css", "CSS", 0, 0, 0, 0, 30, 0, 0, 0, 0, 0, 0, 1, 31
"c:\Users\alves\Downloads\integracao-20231026T180259Z-001\integracao\class\mod05\PHPMailer\examples\styles\shThemeMidnight.css", "CSS", 0, 0, 0, 0, 30, 0, 0, 0, 0, 0, 0, 1, 31
"c:\Users\alves\Downloads\integracao-20231026T180259Z-001\integracao\class\mod05\PHPMailer\examples\styles\shThemeRDark.css", "CSS", 0, 0, 0, 0, 30, 0, 0, 0, 0, 0, 0, 1, 31
"c:\Users\alves\Downloads\integracao-20231026T180259Z-001\integracao\class\mod05\PHPMailer\examples\styles\shThemeVisualStudio.css", "CSS", 0, 0, 0, 0, 31, 0, 0, 0, 0, 0, 0, 1, 32
"c:\Users\alves\Downloads\integracao-20231026T180259Z-001\integracao\class\mod05\PHPMailer\extras\EasyPeasyICS.php", "PHP", 74, 0, 0, 0, 0, 0, 0, 0, 0, 0, 63, 12, 149
"c:\Users\alves\Downloads\integracao-20231026T180259Z-001\integracao\class\mod05\PHPMailer\extras\README.md", "Markdown", 0, 0, 0, 0, 0, 0, 9, 0, 0, 0, 0, 9, 18
"c:\Users\alves\Downloads\integracao-20231026T180259Z-001\integracao\class\mod05\PHPMailer\extras\htmlfilter.php", "PHP", 760, 0, 0, 0, 0, 0, 0, 0, 0, 0, 363, 44, 1167
"c:\Users\alves\Downloads\integracao-20231026T180259Z-001\integracao\class\mod05\PHPMailer\extras\ntlm_sasl_client.php", "PHP", 170, 0, 0, 0, 0, 0, 0, 0, 0, 0, 6, 10, 186
"c:\Users\alves\Downloads\integracao-20231026T180259Z-001\integracao\class\mod05\PHPMailer\get_oauth_token.php", "PHP", 102, 0, 0, 0, 0, 0, 0, 0, 0, 0, 34, 27, 163
"c:\Users\alves\Downloads\integracao-20231026T180259Z-001\integracao\class\mod05\PHPMailer\language\phpmailer.lang-am.php", "PHP", 20, 0, 0, 0, 0, 0, 0, 0, 0, 0, 5, 2, 27
"c:\Users\alves\Downloads\integracao-20231026T180259Z-001\integracao\class\mod05\PHPMailer\language\phpmailer.lang-ar.php", "PHP", 20, 0, 0, 0, 0, 0, 0, 0, 0, 0, 6, 2, 28
"c:\Users\alves\Downloads\integracao-20231026T180259Z-001\integracao\class\mod05\PHPMailer\language\phpmailer.lang-az.php", "PHP", 19, 0, 0, 0, 0, 0, 0, 0, 0, 0, 6, 2, 27
"c:\Users\alves\Downloads\integracao-20231026T180259Z-001\integracao\class\mod05\PHPMailer\language\phpmailer.lang-be.php", "PHP", 19, 0, 0, 0, 0, 0, 0, 0, 0, 0, 6, 2, 27
"c:\Users\alves\Downloads\integracao-20231026T180259Z-001\integracao\class\mod05\PHPMailer\language\phpmailer.lang-bg.php", "PHP", 20, 0, 0, 0, 0, 0, 0, 0, 0, 0, 5, 2, 27
"c:\Users\alves\Downloads\integracao-20231026T180259Z-001\integracao\class\mod05\PHPMailer\language\phpmailer.lang-br.php", "PHP", 20, 0, 0, 0, 0, 0, 0, 0, 0, 0, 7, 2, 29
"c:\Users\alves\Downloads\integracao-20231026T180259Z-001\integracao\class\mod05\PHPMailer\language\phpmailer.lang-ca.php", "PHP", 19, 0, 0, 0, 0, 0, 0, 0, 0, 0, 6, 2, 27
"c:\Users\alves\Downloads\integracao-20231026T180259Z-001\integracao\class\mod05\PHPMailer\language\phpmailer.lang-ch.php", "PHP", 13, 0, 0, 0, 0, 0, 0, 0, 0, 0, 12, 2, 27
"c:\Users\alves\Downloads\integracao-20231026T180259Z-001\integracao\class\mod05\PHPMailer\language\phpmailer.lang-cz.php", "PHP", 19, 0, 0, 0, 0, 0, 0, 0, 0, 0, 5, 2, 26
"c:\Users\alves\Downloads\integracao-20231026T180259Z-001\integracao\class\mod05\PHPMailer\language\phpmailer.lang-da.php", "PHP", 13, 0, 0, 0, 0, 0, 0, 0, 0, 0, 12, 2, 27
"c:\Users\alves\Downloads\integracao-20231026T180259Z-001\integracao\class\mod05\PHPMailer\language\phpmailer.lang-de.php", "PHP", 20, 0, 0, 0, 0, 0, 0, 0, 0, 0, 4, 2, 26
"c:\Users\alves\Downloads\integracao-20231026T180259Z-001\integracao\class\mod05\PHPMailer\language\phpmailer.lang-el.php", "PHP", 19, 0, 0, 0, 0, 0, 0, 0, 0, 0, 5, 2, 26
"c:\Users\alves\Downloads\integracao-20231026T180259Z-001\integracao\class\mod05\PHPMailer\language\phpmailer.lang-eo.php", "PHP", 19, 0, 0, 0, 0, 0, 0, 0, 0, 0, 5, 2, 26
"c:\Users\alves\Downloads\integracao-20231026T180259Z-001\integracao\class\mod05\PHPMailer\language\phpmailer.lang-es.php", "PHP", 20, 0, 0, 0, 0, 0, 0, 0, 0, 0, 5, 2, 27
"c:\Users\alves\Downloads\integracao-20231026T180259Z-001\integracao\class\mod05\PHPMailer\language\phpmailer.lang-et.php", "PHP", 20, 0, 0, 0, 0, 0, 0, 0, 0, 0, 6, 2, 28
"c:\Users\alves\Downloads\integracao-20231026T180259Z-001\integracao\class\mod05\PHPMailer\language\phpmailer.lang-fa.php", "PHP", 19, 0, 0, 0, 0, 0, 0, 0, 0, 0, 7, 2, 28
"c:\Users\alves\Downloads\integracao-20231026T180259Z-001\integracao\class\mod05\PHPMailer\language\phpmailer.lang-fi.php", "PHP", 14, 0, 0, 0, 0, 0, 0, 0, 0, 0, 12, 2, 28
"c:\Users\alves\Downloads\integracao-20231026T180259Z-001\integracao\class\mod05\PHPMailer\language\phpmailer.lang-fo.php", "PHP", 13, 0, 0, 0, 0, 0, 0, 0, 0, 0, 12, 2, 27
"c:\Users\alves\Downloads\integracao-20231026T180259Z-001\integracao\class\mod05\PHPMailer\language\phpmailer.lang-fr.php", "PHP", 20, 0, 0, 0, 0, 0, 0, 0, 0, 0, 8, 2, 30
"c:\Users\alves\Downloads\integracao-20231026T180259Z-001\integracao\class\mod05\PHPMailer\language\phpmailer.lang-gl.php", "PHP", 19, 0, 0, 0, 0, 0, 0, 0, 0, 0, 6, 2, 27
"c:\Users\alves\Downloads\integracao-20231026T180259Z-001\integracao\class\mod05\PHPMailer\language\phpmailer.lang-he.php", "PHP", 19, 0, 0, 0, 0, 0, 0, 0, 0, 0, 6, 2, 27
"c:\Users\alves\Downloads\integracao-20231026T180259Z-001\integracao\class\mod05\PHPMailer\language\phpmailer.lang-hr.php", "PHP", 20, 0, 0, 0, 0, 0, 0, 0, 0, 0, 5, 2, 27
"c:\Users\alves\Downloads\integracao-20231026T180259Z-001\integracao\class\mod05\PHPMailer\language\phpmailer.lang-hu.php", "PHP", 19, 0, 0, 0, 0, 0, 0, 0, 0, 0, 6, 2, 27
"c:\Users\alves\Downloads\integracao-20231026T180259Z-001\integracao\class\mod05\PHPMailer\language\phpmailer.lang-id.php", "PHP", 19, 0, 0, 0, 0, 0, 0, 0, 0, 0, 6, 2, 27
"c:\Users\alves\Downloads\integracao-20231026T180259Z-001\integracao\class\mod05\PHPMailer\language\phpmailer.lang-it.php", "PHP", 19, 0, 0, 0, 0, 0, 0, 0, 0, 0, 7, 2, 28
"c:\Users\alves\Downloads\integracao-20231026T180259Z-001\integracao\class\mod05\PHPMailer\language\phpmailer.lang-ja.php", "PHP", 13, 0, 0, 0, 0, 0, 0, 0, 0, 0, 13, 2, 28
"c:\Users\alves\Downloads\integracao-20231026T180259Z-001\integracao\class\mod05\PHPMailer\language\phpmailer.lang-ka.php", "PHP", 20, 0, 0, 0, 0, 0, 0, 0, 0, 0, 5, 2, 27
"c:\Users\alves\Downloads\integracao-20231026T180259Z-001\integracao\class\mod05\PHPMailer\language\phpmailer.lang-ko.php", "PHP", 20, 0, 0, 0, 0, 0, 0, 0, 0, 0, 5, 2, 27
"c:\Users\alves\Downloads\integracao-20231026T180259Z-001\integracao\class\mod05\PHPMailer\language\phpmailer.lang-lt.php", "PHP", 19, 0, 0, 0, 0, 0, 0, 0, 0, 0, 6, 2, 27
"c:\Users\alves\Downloads\integracao-20231026T180259Z-001\integracao\class\mod05\PHPMailer\language\phpmailer.lang-lv.php", "PHP", 19, 0, 0, 0, 0, 0, 0, 0, 0, 0, 6, 2, 27
"c:\Users\alves\Downloads\integracao-20231026T180259Z-001\integracao\class\mod05\PHPMailer\language\phpmailer.lang-ms.php", "PHP", 19, 0, 0, 0, 0, 0, 0, 0, 0, 0, 6, 2, 27
"c:\Users\alves\Downloads\integracao-20231026T180259Z-001\integracao\class\mod05\PHPMailer\language\phpmailer.lang-nl.php", "PHP", 19, 0, 0, 0, 0, 0, 0, 0, 0, 0, 6, 2, 27
"c:\Users\alves\Downloads\integracao-20231026T180259Z-001\integracao\class\mod05\PHPMailer\language\phpmailer.lang-no.php", "PHP", 19, 0, 0, 0, 0, 0, 0, 0, 0, 0, 5, 2, 26
"c:\Users\alves\Downloads\integracao-20231026T180259Z-001\integracao\class\mod05\PHPMailer\language\phpmailer.lang-pl.php", "PHP", 21, 0, 0, 0, 0, 0, 0, 0, 0, 0, 4, 2, 27
"c:\Users\alves\Downloads\integracao-20231026T180259Z-001\integracao\class\mod05\PHPMailer\language\phpmailer.lang-pt.php", "PHP", 20, 0, 0, 0, 0, 0, 0, 0, 0, 0, 5, 2, 27
"c:\Users\alves\Downloads\integracao-20231026T180259Z-001\integracao\class\mod05\PHPMailer\language\phpmailer.lang-ro.php", "PHP", 19, 0, 0, 0, 0, 0, 0, 0, 0, 0, 6, 2, 27
"c:\Users\alves\Downloads\integracao-20231026T180259Z-001\integracao\class\mod05\PHPMailer\language\phpmailer.lang-ru.php", "PHP", 20, 0, 0, 0, 0, 0, 0, 0, 0, 0, 6, 2, 28
"c:\Users\alves\Downloads\integracao-20231026T180259Z-001\integracao\class\mod05\PHPMailer\language\phpmailer.lang-se.php", "PHP", 13, 0, 0, 0, 0, 0, 0, 0, 0, 0, 12, 2, 27
"c:\Users\alves\Downloads\integracao-20231026T180259Z-001\integracao\class\mod05\PHPMailer\language\phpmailer.lang-sk.php", "PHP", 19, 0, 0, 0, 0, 0, 0, 0, 0, 0, 6, 2, 27
"c:\Users\alves\Downloads\integracao-20231026T180259Z-001\integracao\class\mod05\PHPMailer\language\phpmailer.lang-sl.php", "PHP", 19, 0, 0, 0, 0, 0, 0, 0, 0, 0, 6, 2, 27
"c:\Users\alves\Downloads\integracao-20231026T180259Z-001\integracao\class\mod05\PHPMailer\language\phpmailer.lang-sr.php", "PHP", 19, 0, 0, 0, 0, 0, 0, 0, 0, 0, 6, 2, 27
"c:\Users\alves\Downloads\integracao-20231026T180259Z-001\integracao\class\mod05\PHPMailer\language\phpmailer.lang-tr.php", "PHP", 19, 0, 0, 0, 0, 0, 0, 0, 0, 0, 9, 2, 30
"c:\Users\alves\Downloads\integracao-20231026T180259Z-001\integracao\class\mod05\PHPMailer\language\phpmailer.lang-uk.php", "PHP", 19, 0, 0, 0, 0, 0, 0, 0, 0, 0, 7, 2, 28
"c:\Users\alves\Downloads\integracao-20231026T180259Z-001\integracao\class\mod05\PHPMailer\language\phpmailer.lang-vi.php", "PHP", 19, 0, 0, 0, 0, 0, 0, 0, 0, 0, 6, 2, 27
"c:\Users\alves\Downloads\integracao-20231026T180259Z-001\integracao\class\mod05\PHPMailer\language\phpmailer.lang-zh.php", "PHP", 20, 0, 0, 0, 0, 0, 0, 0, 0, 0, 7, 2, 29
"c:\Users\alves\Downloads\integracao-20231026T180259Z-001\integracao\class\mod05\PHPMailer\language\phpmailer.lang-zh_cn.php", "PHP", 19, 0, 0, 0, 0, 0, 0, 0, 0, 0, 7, 2, 28
"c:\Users\alves\Downloads\integracao-20231026T180259Z-001\integracao\class\mod05\PHPMailer\test\bootstrap.php", "PHP", 5, 0, 0, 0, 0, 0, 0, 0, 0, 0, 0, 1, 6
"c:\Users\alves\Downloads\integracao-20231026T180259Z-001\integracao\class\mod05\PHPMailer\test\fakepopserver.sh", "Shell Script", 0, 0, 0, 0, 0, 0, 0, 94, 0, 0, 12, 20, 126
"c:\Users\alves\Downloads\integracao-20231026T180259Z-001\integracao\class\mod05\PHPMailer\test\fakesendmail.sh", "Shell Script", 0, 0, 0, 0, 0, 0, 0, 15, 0, 0, 4, 4, 23
"c:\Users\alves\Downloads\integracao-20231026T180259Z-001\integracao\class\mod05\PHPMailer\test\phpmailerLangTest(1).php", "PHP", 37, 0, 0, 0, 0, 0, 0, 0, 0, 0, 34, 6, 77
"c:\Users\alves\Downloads\integracao-20231026T180259Z-001\integracao\class\mod05\PHPMailer\test\phpmailerLangTest.php", "PHP", 37, 0, 0, 0, 0, 0, 0, 0, 0, 0, 34, 6, 77
"c:\Users\alves\Downloads\integracao-20231026T180259Z-001\integracao\class\mod05\PHPMailer\test\phpmailerTest(1).php", "PHP", 1630, 0, 0, 0, 0, 0, 0, 0, 0, 0, 377, 160, 2167
"c:\Users\alves\Downloads\integracao-20231026T180259Z-001\integracao\class\mod05\PHPMailer\test\phpmailerTest.php", "PHP", 1630, 0, 0, 0, 0, 0, 0, 0, 0, 0, 377, 160, 2167
"c:\Users\alves\Downloads\integracao-20231026T180259Z-001\integracao\class\mod05\PHPMailer\test\runfakepopserver.sh", "Shell Script", 0, 0, 0, 0, 0, 0, 0, 3, 0, 0, 5, 3, 11
"c:\Users\alves\Downloads\integracao-20231026T180259Z-001\integracao\class\mod05\PHPMailer\test\test_callback.php", "PHP", 59, 0, 0, 0, 0, 0, 0, 0, 0, 0, 17, 6, 82
"c:\Users\alves\Downloads\integracao-20231026T180259Z-001\integracao\class\mod05\PHPMailer\test\testbootstrap-dist.php", "PHP", 7, 0, 0, 0, 0, 0, 0, 0, 0, 0, 0, 0, 7
"c:\Users\alves\Downloads\integracao-20231026T180259Z-001\integracao\class\mod05\alertas\ADM\listarAlertas(1).php", "PHP", 5, 0, 0, 0, 0, 0, 0, 0, 0, 0, 0, 5, 10
"c:\Users\alves\Downloads\integracao-20231026T180259Z-001\integracao\class\mod05\alertas\ADM\listarAlertas.php", "PHP", 5, 0, 0, 0, 0, 0, 0, 0, 0, 0, 0, 5, 10
"c:\Users\alves\Downloads\integracao-20231026T180259Z-001\integracao\class\mod05\alertas\ADM\validarAlerta(1).php", "PHP", 6, 0, 0, 0, 0, 0, 0, 0, 0, 0, 0, 4, 10
"c:\Users\alves\Downloads\integracao-20231026T180259Z-001\integracao\class\mod05\alertas\ADM\validarAlerta.php", "PHP", 6, 0, 0, 0, 0, 0, 0, 0, 0, 0, 0, 4, 10
"c:\Users\alves\Downloads\integracao-20231026T180259Z-001\integracao\class\mod05\alertas\critico\alertaEmail.html", "HTML", 0, 191, 0, 0, 0, 0, 0, 0, 0, 0, 9, 29, 229
"c:\Users\alves\Downloads\integracao-20231026T180259Z-001\integracao\class\mod05\alertas\critico\alertaUserEmail(1).html", "HTML", 0, 121, 0, 0, 0, 0, 0, 0, 0, 0, 9, 27, 157
"c:\Users\alves\Downloads\integracao-20231026T180259Z-001\integracao\class\mod05\alertas\critico\alertaUserEmail.html", "HTML", 0, 121, 0, 0, 0, 0, 0, 0, 0, 0, 9, 27, 157
"c:\Users\alves\Downloads\integracao-20231026T180259Z-001\integracao\class\mod05\alertas\critico\getLastId(1).php", "PHP", 4, 0, 0, 0, 0, 0, 0, 0, 0, 0, 0, 2, 6
"c:\Users\alves\Downloads\integracao-20231026T180259Z-001\integracao\class\mod05\alertas\critico\getLastId.php", "PHP", 4, 0, 0, 0, 0, 0, 0, 0, 0, 0, 0, 2, 6
"c:\Users\alves\Downloads\integracao-20231026T180259Z-001\integracao\class\mod05\alertas\critico\infoAlertas.ini", "Ini", 0, 0, 0, 0, 0, 0, 0, 0, 0, 56, 0, 10, 66
"c:\Users\alves\Downloads\integracao-20231026T180259Z-001\integracao\class\mod05\alertas\critico\lastId.json", "JSON", 0, 0, 0, 1, 0, 0, 0, 0, 0, 0, 0, 0, 1
"c:\Users\alves\Downloads\integracao-20231026T180259Z-001\integracao\class\mod05\alertas\critico\listaTipoAlertas.ini", "Ini", 0, 0, 0, 0, 0, 0, 0, 0, 0, 21, 0, 8, 29
"c:\Users\alves\Downloads\integracao-20231026T180259Z-001\integracao\class\mod05\alertas\critico\verificarAlerta(1).php", "PHP", 6, 0, 0, 0, 0, 0, 0, 0, 0, 0, 0, 3, 9
"c:\Users\alves\Downloads\integracao-20231026T180259Z-001\integracao\class\mod05\alertas\critico\verificarAlerta.php", "PHP", 6, 0, 0, 0, 0, 0, 0, 0, 0, 0, 0, 3, 9
"c:\Users\alves\Downloads\integracao-20231026T180259Z-001\integracao\class\mod05\alertas\critico\verificarMedicao.php", "PHP", 10, 0, 0, 0, 0, 0, 0, 0, 0, 0, 0, 3, 13
"c:\Users\alves\Downloads\integracao-20231026T180259Z-001\integracao\class\mod05\alertas\user\addImageAlertaUser.php", "PHP", 13, 0, 0, 0, 0, 0, 0, 0, 0, 0, 0, 2, 15
"c:\Users\alves\Downloads\integracao-20231026T180259Z-001\integracao\class\mod05\alertas\user\createAlertasUser(1).php", "PHP", 27, 0, 0, 0, 0, 0, 0, 0, 0, 0, 0, 12, 39
"c:\Users\alves\Downloads\integracao-20231026T180259Z-001\integracao\class\mod05\alertas\user\createAlertasUser.php", "PHP", 27, 0, 0, 0, 0, 0, 0, 0, 0, 0, 0, 12, 39
"c:\Users\alves\Downloads\integracao-20231026T180259Z-001\integracao\class\mod05\alertas\user\deletarAlertaUser(1).php", "PHP", 6, 0, 0, 0, 0, 0, 0, 0, 0, 0, 5, 1, 12
"c:\Users\alves\Downloads\integracao-20231026T180259Z-001\integracao\class\mod05\alertas\user\deletarAlertaUser.php", "PHP", 6, 0, 0, 0, 0, 0, 0, 0, 0, 0, 5, 1, 12
"c:\Users\alves\Downloads\integracao-20231026T180259Z-001\integracao\class\mod05\alertas\user\deletarImagem.php", "PHP", 27, 0, 0, 0, 0, 0, 0, 0, 0, 0, 1, 4, 32
"c:\Users\alves\Downloads\integracao-20231026T180259Z-001\integracao\class\mod05\alertas\user\editarAlertasUser(1).php", "PHP", 6, 0, 0, 0, 0, 0, 0, 0, 0, 0, 0, 4, 10
"c:\Users\alves\Downloads\integracao-20231026T180259Z-001\integracao\class\mod05\alertas\user\editarAlertasUser.php", "PHP", 6, 0, 0, 0, 0, 0, 0, 0, 0, 0, 0, 4, 10
"c:\Users\alves\Downloads\integracao-20231026T180259Z-001\integracao\class\mod05\alertas\user\listarAlertasUser.php", "PHP", 32, 0, 0, 0, 0, 0, 0, 0, 0, 0, 3, 9, 44
"c:\Users\alves\Downloads\integracao-20231026T180259Z-001\integracao\class\mod05\historicoTabular\listarPCDinteresse.php", "PHP", 4, 0, 0, 0, 0, 0, 0, 0, 0, 0, 0, 4, 8
"c:\Users\alves\Downloads\integracao-20231026T180259Z-001\integracao\class\mod05\orgaosColab\checarEmailOrgExiste(1).php", "PHP", 6, 0, 0, 0, 0, 0, 0, 0, 0, 0, 0, 1, 7
"c:\Users\alves\Downloads\integracao-20231026T180259Z-001\integracao\class\mod05\orgaosColab\checarEmailOrgExiste.php", "PHP", 6, 0, 0, 0, 0, 0, 0, 0, 0, 0, 0, 1, 7
"c:\Users\alves\Downloads\integracao-20231026T180259Z-001\integracao\class\mod05\orgaosColab\checarEmailOrgExisteEditar(1).php", "PHP", 13, 0, 0, 0, 0, 0, 0, 0, 0, 0, 0, 4, 17
"c:\Users\alves\Downloads\integracao-20231026T180259Z-001\integracao\class\mod05\orgaosColab\checarEmailOrgExisteEditar.php", "PHP", 13, 0, 0, 0, 0, 0, 0, 0, 0, 0, 0, 4, 17
"c:\Users\alves\Downloads\integracao-20231026T180259Z-001\integracao\class\mod05\orgaosColab\createOrgs(1).php", "PHP", 5, 0, 0, 0, 0, 0, 0, 0, 0, 0, 0, 2, 7
"c:\Users\alves\Downloads\integracao-20231026T180259Z-001\integracao\class\mod05\orgaosColab\createOrgs.php", "PHP", 5, 0, 0, 0, 0, 0, 0, 0, 0, 0, 0, 2, 7
"c:\Users\alves\Downloads\integracao-20231026T180259Z-001\integracao\class\mod05\orgaosColab\deletarOrgs(1).php", "PHP", 4, 0, 0, 0, 0, 0, 0, 0, 0, 0, 0, 3, 7
"c:\Users\alves\Downloads\integracao-20231026T180259Z-001\integracao\class\mod05\orgaosColab\deletarOrgs.php", "PHP", 4, 0, 0, 0, 0, 0, 0, 0, 0, 0, 0, 3, 7
"c:\Users\alves\Downloads\integracao-20231026T180259Z-001\integracao\class\mod05\orgaosColab\editarOrgs(1).php", "PHP", 6, 0, 0, 0, 0, 0, 0, 0, 0, 0, 0, 2, 8
"c:\Users\alves\Downloads\integracao-20231026T180259Z-001\integracao\class\mod05\orgaosColab\editarOrgs.php", "PHP", 6, 0, 0, 0, 0, 0, 0, 0, 0, 0, 0, 2, 8
"c:\Users\alves\Downloads\integracao-20231026T180259Z-001\integracao\class\mod05\orgaosColab\listarOrgs.php", "PHP", 5, 0, 0, 0, 0, 0, 0, 0, 0, 0, 0, 4, 9
"c:\Users\alves\Downloads\integracao-20231026T180259Z-001\integracao\class\mod05\paramAlertas\createParam(1).php", "PHP", 7, 0, 0, 0, 0, 0, 0, 0, 0, 0, 0, 3, 10
"c:\Users\alves\Downloads\integracao-20231026T180259Z-001\integracao\class\mod05\paramAlertas\createParam.php", "PHP", 7, 0, 0, 0, 0, 0, 0, 0, 0, 0, 0, 3, 10
"c:\Users\alves\Downloads\integracao-20231026T180259Z-001\integracao\class\mod05\paramAlertas\deletarParam(1).php", "PHP", 4, 0, 0, 0, 0, 0, 0, 0, 0, 0, 0, 3, 7
"c:\Users\alves\Downloads\integracao-20231026T180259Z-001\integracao\class\mod05\paramAlertas\deletarParam.php", "PHP", 4, 0, 0, 0, 0, 0, 0, 0, 0, 0, 0, 3, 7
"c:\Users\alves\Downloads\integracao-20231026T180259Z-001\integracao\class\mod05\paramAlertas\editarParam.php", "PHP", 10, 0, 0, 0, 0, 0, 0, 0, 0, 0, 0, 5, 15
"c:\Users\alves\Downloads\integracao-20231026T180259Z-001\integracao\class\mod05\paramAlertas\listarPCD(1).php", "PHP", 4, 0, 0, 0, 0, 0, 0, 0, 0, 0, 0, 1, 5
"c:\Users\alves\Downloads\integracao-20231026T180259Z-001\integracao\class\mod05\paramAlertas\listarPCD.php", "PHP", 4, 0, 0, 0, 0, 0, 0, 0, 0, 0, 0, 1, 5
"c:\Users\alves\Downloads\integracao-20231026T180259Z-001\integracao\class\mod05\paramAlertas\listarParam(1).php", "PHP", 4, 0, 0, 0, 0, 0, 0, 0, 0, 0, 0, 2, 6
"c:\Users\alves\Downloads\integracao-20231026T180259Z-001\integracao\class\mod05\paramAlertas\listarParam.php", "PHP", 4, 0, 0, 0, 0, 0, 0, 0, 0, 0, 0, 2, 6
"c:\Users\alves\Downloads\integracao-20231026T180259Z-001\integracao\css\custom\mod01\style.css", "CSS", 0, 0, 0, 0, 207, 0, 0, 0, 0, 0, 0, 55, 262
"c:\Users\alves\Downloads\integracao-20231026T180259Z-001\integracao\css\custom\mod02\style.css", "CSS", 0, 0, 0, 0, 232, 0, 0, 0, 0, 0, 0, 55, 287
"c:\Users\alves\Downloads\integracao-20231026T180259Z-001\integracao\css\custom\mod03\style.css", "CSS", 0, 0, 0, 0, 187, 0, 0, 0, 0, 0, 0, 45, 232
"c:\Users\alves\Downloads\integracao-20231026T180259Z-001\integracao\css\custom\mod04\carrosel.css", "CSS", 0, 0, 0, 0, 9, 0, 0, 0, 0, 0, 0, 2, 11
"c:\Users\alves\Downloads\integracao-20231026T180259Z-001\integracao\css\custom\mod04\estilo_HistoricoDeAlertas.css", "CSS", 0, 0, 0, 0, 10, 0, 0, 0, 0, 0, 0, 1, 11
"c:\Users\alves\Downloads\integracao-20231026T180259Z-001\integracao\css\custom\mod04\estilo_infowindow.css", "CSS", 0, 0, 0, 0, 54, 0, 0, 0, 0, 0, 0, 1, 55
"c:\Users\alves\Downloads\integracao-20231026T180259Z-001\integracao\css\custom\mod04\estilo_input.css", "CSS", 0, 0, 0, 0, 162, 0, 0, 0, 0, 0, 2, 29, 193
"c:\Users\alves\Downloads\integracao-20231026T180259Z-001\integracao\css\custom\mod04\style.css", "CSS", 0, 0, 0, 0, 247, 0, 0, 0, 0, 0, 0, 53, 300
"c:\Users\alves\Downloads\integracao-20231026T180259Z-001\integracao\css\custom\mod05\carrosel.css", "CSS", 0, 0, 0, 0, 13, 0, 0, 0, 0, 0, 0, 3, 16
"c:\Users\alves\Downloads\integracao-20231026T180259Z-001\integracao\css\custom\mod05\style.css", "CSS", 0, 0, 0, 0, 222, 0, 0, 0, 0, 0, 0, 52, 274
"c:\Users\alves\Downloads\integracao-20231026T180259Z-001\integracao\css\custom\mod05\tabelaInterna.css", "CSS", 0, 0, 0, 0, 15, 0, 0, 0, 0, 0, 0, 1, 16
"c:\Users\alves\Downloads\integracao-20231026T180259Z-001\integracao\css\fonts\glyphicons-halflings-regular.svg", "XML", 0, 0, 0, 0, 0, 288, 0, 0, 0, 0, 0, 0, 288
"c:\Users\alves\Downloads\integracao-20231026T180259Z-001\integracao\css\plugin\bootstrap.css", "CSS", 0, 0, 0, 0, 7049, 0, 0, 0, 0, 0, 14, 0, 7063
"c:\Users\alves\Downloads\integracao-20231026T180259Z-001\integracao\css\plugin\bootstrap.min.css", "CSS", 0, 0, 0, 0, 2, 0, 0, 0, 0, 0, 9, 0, 11
"c:\Users\alves\Downloads\integracao-20231026T180259Z-001\integracao\css\plugin\buttons.dataTables(1).css", "CSS", 0, 0, 0, 0, 212, 0, 0, 0, 0, 0, 17, 7, 236
"c:\Users\alves\Downloads\integracao-20231026T180259Z-001\integracao\css\plugin\buttons.dataTables.css", "CSS", 0, 0, 0, 0, 212, 0, 0, 0, 0, 0, 17, 7, 236
"c:\Users\alves\Downloads\integracao-20231026T180259Z-001\integracao\css\plugin\dataTables.bootstrap.css", "CSS", 0, 0, 0, 0, 309, 0, 0, 0, 0, 0, 3, 11, 323
"c:\Users\alves\Downloads\integracao-20231026T180259Z-001\integracao\css\plugin\fileinput.css", "CSS", 0, 0, 0, 0, 323, 0, 0, 0, 0, 0, 12, 65, 400
"c:\Users\alves\Downloads\integracao-20231026T180259Z-001\integracao\css\plugin\fileinput.min.css", "CSS", 0, 0, 0, 0, 1, 0, 0, 0, 0, 0, 9, 0, 10
"c:\Users\alves\Downloads\integracao-20231026T180259Z-001\integracao\css\plugin\formValidation.min.css", "CSS", 0, 0, 0, 0, 1, 0, 0, 0, 0, 0, 0, 0, 1
"c:\Users\alves\Downloads\integracao-20231026T180259Z-001\integracao\css\plugin\freelancer(1).css", "CSS", 0, 0, 0, 0, 382, 0, 0, 0, 0, 0, 5, 73, 460
"c:\Users\alves\Downloads\integracao-20231026T180259Z-001\integracao\css\plugin\freelancer.css", "CSS", 0, 0, 0, 0, 382, 0, 0, 0, 0, 0, 5, 73, 460
"c:\Users\alves\Downloads\integracao-20231026T180259Z-001\integracao\dao\mod01\FeedBackDAO.php", "PHP", 68, 0, 0, 0, 0, 0, 0, 0, 0, 0, 2, 36, 106
"c:\Users\alves\Downloads\integracao-20231026T180259Z-001\integracao\dao\mod01\NivelAcessoDAO.php", "PHP", 17, 0, 0, 0, 0, 0, 0, 0, 0, 0, 19, 15, 51
"c:\Users\alves\Downloads\integracao-20231026T180259Z-001\integracao\dao\mod01\UsuarioDAO.php", "PHP", 189, 0, 0, 0, 0, 0, 0, 0, 0, 0, 8, 24, 221
"c:\Users\alves\Downloads\integracao-20231026T180259Z-001\integracao\dao\mod01\UsuarioEspecialistaDAO(1).php", "PHP", 72, 0, 0, 0, 0, 0, 0, 0, 0, 0, 4, 13, 89
"c:\Users\alves\Downloads\integracao-20231026T180259Z-001\integracao\dao\mod01\UsuarioEspecialistaDAO.php", "PHP", 72, 0, 0, 0, 0, 0, 0, 0, 0, 0, 4, 13, 89
"c:\Users\alves\Downloads\integracao-20231026T180259Z-001\integracao\dao\mod01\UsuarioInstituicaoDAO.php", "PHP", 79, 0, 0, 0, 0, 0, 0, 0, 0, 0, 4, 18, 101
"c:\Users\alves\Downloads\integracao-20231026T180259Z-001\integracao\dao\mod02\ConectarBD(1).php", "PHP", 14, 0, 0, 0, 0, 0, 0, 0, 0, 0, 10, 11, 35
"c:\Users\alves\Downloads\integracao-20231026T180259Z-001\integracao\dao\mod02\ConectarBD.php", "PHP", 14, 0, 0, 0, 0, 0, 0, 0, 0, 0, 10, 11, 35
"c:\Users\alves\Downloads\integracao-20231026T180259Z-001\integracao\dao\mod02\Database.php", "PHP", 11, 0, 0, 0, 0, 0, 0, 0, 0, 0, 0, 4, 15
"c:\Users\alves\Downloads\integracao-20231026T180259Z-001\integracao\dao\mod02\Erro.php", "PHP", 5, 0, 0, 0, 0, 0, 0, 0, 0, 0, 10, 6, 21
"c:\Users\alves\Downloads\integracao-20231026T180259Z-001\integracao\dao\mod02\ModeloDAO(1).php", "PHP", 8, 0, 0, 0, 0, 0, 0, 0, 0, 0, 35, 9, 52
"c:\Users\alves\Downloads\integracao-20231026T180259Z-001\integracao\dao\mod02\ModeloDAO.php", "PHP", 8, 0, 0, 0, 0, 0, 0, 0, 0, 0, 35, 9, 52
"c:\Users\alves\Downloads\integracao-20231026T180259Z-001\integracao\dao\mod02\alteracaoDAO.php", "PHP", 42, 0, 0, 0, 0, 0, 0, 0, 0, 0, 0, 25, 67
"c:\Users\alves\Downloads\integracao-20231026T180259Z-001\integracao\dao\mod02\pcdDAO.php", "PHP", 105, 0, 0, 0, 0, 0, 0, 0, 0, 0, 0, 70, 175
"c:\Users\alves\Downloads\integracao-20231026T180259Z-001\integracao\dao\mod02\sensorDAO.php", "PHP", 117, 0, 0, 0, 0, 0, 0, 0, 0, 0, 0, 78, 195
"c:\Users\alves\Downloads\integracao-20231026T180259Z-001\integracao\dao\mod02\tipoMedicaoDAO.php", "PHP", 56, 0, 0, 0, 0, 0, 0, 0, 0, 0, 0, 30, 86
"c:\Users\alves\Downloads\integracao-20231026T180259Z-001\integracao\dao\mod02\tipoSensorDAO.php", "PHP", 101, 0, 0, 0, 0, 0, 0, 0, 0, 0, 0, 40, 141
"c:\Users\alves\Downloads\integracao-20231026T180259Z-001\integracao\dao\mod02\unidadeMedidaDAO.php", "PHP", 41, 0, 0, 0, 0, 0, 0, 0, 0, 0, 0, 27, 68
"c:\Users\alves\Downloads\integracao-20231026T180259Z-001\integracao\dao\mod03\ArquivoPcdImportadoDAO.php", "PHP", 49, 0, 0, 0, 0, 0, 0, 0, 0, 0, 10, 22, 81
"c:\Users\alves\Downloads\integracao-20231026T180259Z-001\integracao\dao\mod03\ConectarBD.php", "PHP", 13, 0, 0, 0, 0, 0, 0, 0, 0, 0, 10, 6, 29
"c:\Users\alves\Downloads\integracao-20231026T180259Z-001\integracao\dao\mod03\MedicaoDAO(1).php", "PHP", 151, 0, 0, 0, 0, 0, 0, 0, 0, 0, 3, 51, 205
"c:\Users\alves\Downloads\integracao-20231026T180259Z-001\integracao\dao\mod03\MedicaoDAO.php", "PHP", 151, 0, 0, 0, 0, 0, 0, 0, 0, 0, 3, 51, 205
"c:\Users\alves\Downloads\integracao-20231026T180259Z-001\integracao\dao\mod03\ModeloDAO(1).php", "PHP", 8, 0, 0, 0, 0, 0, 0, 0, 0, 0, 35, 9, 52
"c:\Users\alves\Downloads\integracao-20231026T180259Z-001\integracao\dao\mod03\ModeloDAO.php", "PHP", 8, 0, 0, 0, 0, 0, 0, 0, 0, 0, 35, 9, 52
"c:\Users\alves\Downloads\integracao-20231026T180259Z-001\integracao\dao\mod03\PcdDao.php", "PHP", 53, 0, 0, 0, 0, 0, 0, 0, 0, 0, 0, 29, 82
"c:\Users\alves\Downloads\integracao-20231026T180259Z-001\integracao\dao\mod03\SensoresDAO.php", "PHP", 45, 0, 0, 0, 0, 0, 0, 0, 0, 0, 0, 66, 111
"c:\Users\alves\Downloads\integracao-20231026T180259Z-001\integracao\dao\mod03\SensoresInstaladosSensores.php", "PHP", 14, 0, 0, 0, 0, 0, 0, 0, 0, 0, 0, 10, 24
"c:\Users\alves\Downloads\integracao-20231026T180259Z-001\integracao\dao\mod03\UsuarioDAO.php", "PHP", 67, 0, 0, 0, 0, 0, 0, 0, 0, 0, 0, 10, 77
"c:\Users\alves\Downloads\integracao-20231026T180259Z-001\integracao\dao\mod04\AlertaPopularDAO.php", "PHP", 78, 0, 0, 0, 0, 0, 0, 0, 0, 0, 1, 28, 107
"c:\Users\alves\Downloads\integracao-20231026T180259Z-001\integracao\dao\mod04\ComparacaoGraficoDAO.php", "PHP", 297, 0, 0, 0, 0, 0, 0, 0, 0, 0, 78, 165, 540
"c:\Users\alves\Downloads\integracao-20231026T180259Z-001\integracao\dao\mod04\Database.php", "PHP", 13, 0, 0, 0, 0, 0, 0, 0, 0, 0, 0, 5, 18
"c:\Users\alves\Downloads\integracao-20231026T180259Z-001\integracao\dao\mod04\GraficoDAO.php", "PHP", 341, 0, 0, 0, 0, 0, 0, 0, 0, 0, 28, 174, 543
"c:\Users\alves\Downloads\integracao-20231026T180259Z-001\integracao\dao\mod04\HistoricoPCDDAO.php", "PHP", 187, 0, 0, 0, 0, 0, 0, 0, 0, 0, 21, 51, 259
"c:\Users\alves\Downloads\integracao-20231026T180259Z-001\integracao\dao\mod04\PCD.php", "PHP", 61, 0, 0, 0, 0, 0, 0, 0, 0, 0, 0, 22, 83
"c:\Users\alves\Downloads\integracao-20231026T180259Z-001\integracao\dao\mod04\PCDDAO.php", "PHP", 125, 0, 0, 0, 0, 0, 0, 0, 0, 0, 0, 29, 154
"c:\Users\alves\Downloads\integracao-20231026T180259Z-001\integracao\dao\mod05\OrgaosColabDAO.php", "PHP", 90, 0, 0, 0, 0, 0, 0, 0, 0, 0, 0, 13, 103
"c:\Users\alves\Downloads\integracao-20231026T180259Z-001\integracao\dao\mod05\alertaCriticoDAO(1).php", "PHP", 306, 0, 0, 0, 0, 0, 0, 0, 0, 0, 1, 48, 355
"c:\Users\alves\Downloads\integracao-20231026T180259Z-001\integracao\dao\mod05\alertaCriticoDAO.php", "PHP", 306, 0, 0, 0, 0, 0, 0, 0, 0, 0, 1, 48, 355
"c:\Users\alves\Downloads\integracao-20231026T180259Z-001\integracao\dao\mod05\alertaUserDAO.php", "PHP", 241, 0, 0, 0, 0, 0, 0, 0, 0, 0, 0, 28, 269
"c:\Users\alves\Downloads\integracao-20231026T180259Z-001\integracao\dao\mod05\modeloDAO.php", "PHP", 0, 0, 0, 0, 0, 0, 0, 0, 0, 0, 0, 1, 1
"c:\Users\alves\Downloads\integracao-20231026T180259Z-001\integracao\dao\mod05\paramDAO(1).php", "PHP", 156, 0, 0, 0, 0, 0, 0, 0, 0, 0, 0, 19, 175
"c:\Users\alves\Downloads\integracao-20231026T180259Z-001\integracao\dao\mod05\paramDAO.php", "PHP", 156, 0, 0, 0, 0, 0, 0, 0, 0, 0, 0, 19, 175
"c:\Users\alves\Downloads\integracao-20231026T180259Z-001\integracao\dao\mod05\pcdDAO.php", "PHP", 33, 0, 0, 0, 0, 0, 0, 0, 0, 0, 0, 6, 39
"c:\Users\alves\Downloads\integracao-20231026T180259Z-001\integracao\dao\mod05\sensorDAO.php", "PHP", 29, 0, 0, 0, 0, 0, 0, 0, 0, 0, 0, 4, 33
"c:\Users\alves\Downloads\integracao-20231026T180259Z-001\integracao\ferramentas\ferramenta2.php", "PHP", 324, 0, 0, 0, 0, 0, 0, 0, 0, 0, 0, 60, 384
"c:\Users\alves\Downloads\integracao-20231026T180259Z-001\integracao\ferramentas\ferramenta3.php", "PHP", 187, 0, 0, 0, 0, 0, 0, 0, 0, 0, 0, 48, 235
"c:\Users\alves\Downloads\integracao-20231026T180259Z-001\integracao\ferramentas\ferramenta4.php", "PHP", 240, 0, 0, 0, 0, 0, 0, 0, 0, 0, 0, 47, 287
"c:\Users\alves\Downloads\integracao-20231026T180259Z-001\integracao\ferramentas\ferramenta5ADM.php", "PHP", 187, 0, 0, 0, 0, 0, 0, 0, 0, 0, 0, 42, 229
"c:\Users\alves\Downloads\integracao-20231026T180259Z-001\integracao\ferramentas\ferramenta5User.php", "PHP", 182, 0, 0, 0, 0, 0, 0, 0, 0, 0, 0, 41, 223
"c:\Users\alves\Downloads\integracao-20231026T180259Z-001\integracao\font-awesome\css\font-awesome.css", "CSS", 0, 0, 0, 0, 1663, 0, 0, 0, 0, 0, 9, 1, 1673
"c:\Users\alves\Downloads\integracao-20231026T180259Z-001\integracao\font-awesome\css\font-awesome.min.css", "CSS", 0, 0, 0, 0, 1, 0, 0, 0, 0, 0, 3, 0, 4
"c:\Users\alves\Downloads\integracao-20231026T180259Z-001\integracao\font-awesome\fonts\fontawesome-webfont.svg", "XML", 0, 0, 0, 0, 0, 520, 0, 0, 0, 0, 0, 0, 520
"c:\Users\alves\Downloads\integracao-20231026T180259Z-001\integracao\indra\mod01\AlterarCadastroUsuario.php", "PHP", 28, 0, 0, 0, 0, 0, 0, 0, 0, 0, 1, 11, 40
"c:\Users\alves\Downloads\integracao-20231026T180259Z-001\integracao\indra\mod01\AtualizarCadastro.php", "PHP", 323, 0, 0, 0, 0, 0, 0, 0, 0, 0, 1, 73, 397
"c:\Users\alves\Downloads\integracao-20231026T180259Z-001\integracao\indra\mod01\CadastrarFeedback(1).php", "PHP", 27, 0, 0, 0, 0, 0, 0, 0, 0, 0, 0, 15, 42
"c:\Users\alves\Downloads\integracao-20231026T180259Z-001\integracao\indra\mod01\CadastrarFeedback.php", "PHP", 27, 0, 0, 0, 0, 0, 0, 0, 0, 0, 0, 15, 42
"c:\Users\alves\Downloads\integracao-20231026T180259Z-001\integracao\indra\mod01\FaleConosco.php", "PHP", 218, 0, 0, 0, 0, 0, 0, 0, 0, 0, 1, 56, 275
"c:\Users\alves\Downloads\integracao-20231026T180259Z-001\integracao\indra\mod01\GerenciarFeedBack.php", "PHP", 219, 0, 0, 0, 0, 0, 0, 0, 0, 0, 1, 75, 295
"c:\Users\alves\Downloads\integracao-20231026T180259Z-001\integracao\indra\mod01\GerenciarPCD.php", "PHP", 326, 0, 0, 0, 0, 0, 0, 0, 0, 0, 0, 62, 388
"c:\Users\alves\Downloads\integracao-20231026T180259Z-001\integracao\indra\mod01\InserirCodigoCadastro.php", "PHP", 130, 0, 0, 0, 0, 0, 0, 0, 0, 0, 0, 32, 162
"c:\Users\alves\Downloads\integracao-20231026T180259Z-001\integracao\indra\mod01\MeuPerfil1.php", "PHP", 543, 0, 0, 0, 0, 0, 0, 0, 0, 0, 4, 83, 630
"c:\Users\alves\Downloads\integracao-20231026T180259Z-001\integracao\indra\mod01\RecuperarSenha.php", "PHP", 60, 0, 0, 0, 0, 0, 0, 0, 0, 0, 10, 18, 88
"c:\Users\alves\Downloads\integracao-20231026T180259Z-001\integracao\indra\mod01\SenhaRecuperada.php", "PHP", 159, 0, 0, 0, 0, 0, 0, 0, 0, 0, 3, 51, 213
"c:\Users\alves\Downloads\integracao-20231026T180259Z-001\integracao\indra\mod01\enviarEmailFeedback.php", "PHP", 55, 0, 0, 0, 0, 0, 0, 0, 0, 0, 5, 16, 76
"c:\Users\alves\Downloads\integracao-20231026T180259Z-001\integracao\indra\mod01\enviarResposta.php", "PHP", 164, 0, 0, 0, 0, 0, 0, 0, 0, 0, 1, 63, 228
"c:\Users\alves\Downloads\integracao-20231026T180259Z-001\integracao\indra\mod01\index1.php", "PHP", 746, 0, 0, 0, 0, 0, 0, 0, 0, 0, 0, 96, 842
"c:\Users\alves\Downloads\integracao-20231026T180259Z-001\integracao\indra\mod01\indexNivel1 .php", "PHP", 331, 0, 0, 0, 0, 0, 0, 0, 0, 0, 0, 60, 391
"c:\Users\alves\Downloads\integracao-20231026T180259Z-001\integracao\indra\mod01\indexNivel1.php", "PHP", 229, 0, 0, 0, 0, 0, 0, 0, 0, 0, 0, 46, 275
"c:\Users\alves\Downloads\integracao-20231026T180259Z-001\integracao\indra\mod01\indexNivel2.php", "PHP", 227, 0, 0, 0, 0, 0, 0, 0, 0, 0, 0, 44, 271
"c:\Users\alves\Downloads\integracao-20231026T180259Z-001\integracao\indra\mod01\indexNivel3.php", "PHP", 226, 0, 0, 0, 0, 0, 0, 0, 0, 0, 0, 46, 272
"c:\Users\alves\Downloads\integracao-20231026T180259Z-001\integracao\indra\mod01\indexNivel4.php", "PHP", 246, 0, 0, 0, 0, 0, 0, 0, 0, 0, 1, 54, 301
"c:\Users\alves\Downloads\integracao-20231026T180259Z-001\integracao\indra\mod01\sucesso.php", "PHP", 132, 0, 0, 0, 0, 0, 0, 0, 0, 0, 2, 45, 179
"c:\Users\alves\Downloads\integracao-20231026T180259Z-001\integracao\indra\mod02\Controle de Funcionalidades.html", "HTML", 0, 216, 0, 0, 0, 0, 0, 0, 0, 0, 19, 57, 292
"c:\Users\alves\Downloads\integracao-20231026T180259Z-001\integracao\indra\mod02\ControledeFuncionalidades.php", "PHP", 226, 0, 0, 0, 0, 0, 0, 0, 0, 0, 0, 51, 277
"c:\Users\alves\Downloads\integracao-20231026T180259Z-001\integracao\indra\mod02\Historico.html", "HTML", 0, 154, 0, 0, 0, 0, 0, 0, 0, 0, 16, 29, 199
"c:\Users\alves\Downloads\integracao-20231026T180259Z-001\integracao\indra\mod02\Pesquisar Imagem.html", "HTML", 0, 279, 0, 0, 0, 0, 0, 0, 0, 0, 18, 38, 335
"c:\Users\alves\Downloads\integracao-20231026T180259Z-001\integracao\indra\mod02\Pesquisar Medies.html", "HTML", 0, 311, 0, 0, 0, 0, 0, 0, 0, 0, 19, 35, 365
"c:\Users\alves\Downloads\integracao-20231026T180259Z-001\integracao\indra\mod02\Pesquisar PCD.html", "HTML", 0, 446, 0, 0, 0, 0, 0, 0, 0, 0, 21, 42, 509
"c:\Users\alves\Downloads\integracao-20231026T180259Z-001\integracao\indra\mod02\Tipo de Sensor.html", "HTML", 0, 388, 0, 0, 0, 0, 0, 0, 0, 0, 19, 40, 447
"c:\Users\alves\Downloads\integracao-20231026T180259Z-001\integracao\indra\mod02\ferramenta2.html", "HTML", 0, 301, 0, 0, 0, 0, 0, 0, 0, 0, 27, 49, 377
"c:\Users\alves\Downloads\integracao-20231026T180259Z-001\integracao\indra\mod02\listagemTipoSensor.php", "PHP", 316, 0, 0, 0, 0, 0, 0, 0, 0, 0, 0, 36, 352
"c:\Users\alves\Downloads\integracao-20231026T180259Z-001\integracao\indra\mod02\listarPCDs.php", "PHP", 429, 0, 0, 0, 0, 0, 0, 0, 0, 0, 0, 128, 557
"c:\Users\alves\Downloads\integracao-20231026T180259Z-001\integracao\indra\mod02\pesquisarSensor.php", "PHP", 508, 0, 0, 0, 0, 0, 0, 0, 0, 0, 3, 127, 638
"c:\Users\alves\Downloads\integracao-20231026T180259Z-001\integracao\indra\mod03\GerenciarMedicoesPCDs\MedicoesCTR.php", "PHP", 201, 0, 0, 0, 0, 0, 0, 0, 0, 0, 9, 58, 268
"c:\Users\alves\Downloads\integracao-20231026T180259Z-001\integracao\indra\mod03\GerenciarMedicoesPCDs\MedicoesPcd.php", "PHP", 268, 0, 0, 0, 0, 0, 0, 0, 0, 0, 0, 65, 333
"c:\Users\alves\Downloads\integracao-20231026T180259Z-001\integracao\indra\mod03\GerenciarMedicoesPCDs\SelecionarPCD.php", "PHP", 162, 0, 0, 0, 0, 0, 0, 0, 0, 0, 0, 45, 207
"c:\Users\alves\Downloads\integracao-20231026T180259Z-001\integracao\indra\mod03\GerenciarPeriodicidadeMedicaoSensores\GerenciarSensores.php", "PHP", 191, 0, 0, 0, 0, 0, 0, 0, 0, 0, 0, 49, 240
"c:\Users\alves\Downloads\integracao-20231026T180259Z-001\integracao\indra\mod03\GerenciarPeriodicidadeMedicaoSensores\SensoresCTR.php", "PHP", 155, 0, 0, 0, 0, 0, 0, 0, 0, 0, 0, 44, 199
"c:\Users\alves\Downloads\integracao-20231026T180259Z-001\integracao\indra\mod03\GerenciarPeriodicidadeTransmissaoArquivoMedicoes\ArquivoCTR.php", "PHP", 148, 0, 0, 0, 0, 0, 0, 0, 0, 0, 0, 39, 187
"c:\Users\alves\Downloads\integracao-20231026T180259Z-001\integracao\indra\mod03\GerenciarPeriodicidadeTransmissaoArquivoMedicoes\PeriodicidadeArquivo.php", "PHP", 194, 0, 0, 0, 0, 0, 0, 0, 0, 0, 0, 45, 239
"c:\Users\alves\Downloads\integracao-20231026T180259Z-001\integracao\indra\mod03\ImportarArquivosMedicoes\ImportarArquivoMedicaoCTR.php", "PHP", 56, 0, 0, 0, 0, 0, 0, 0, 0, 0, 2, 25, 83
"c:\Users\alves\Downloads\integracao-20231026T180259Z-001\integracao\indra\mod03\ImportarArquivosMedicoes\ImportarArquivosMedicao.php", "PHP", 197, 0, 0, 0, 0, 0, 0, 0, 0, 0, 0, 51, 248
"c:\Users\alves\Downloads\integracao-20231026T180259Z-001\integracao\indra\mod04\DadosHistoricosPCD.php", "PHP", 291, 0, 0, 0, 0, 0, 0, 0, 0, 0, 0, 63, 354
"c:\Users\alves\Downloads\integracao-20231026T180259Z-001\integracao\indra\mod04\GraficoDeBarra1x.php", "PHP", 309, 0, 0, 0, 0, 0, 0, 0, 0, 0, 1, 68, 378
"c:\Users\alves\Downloads\integracao-20231026T180259Z-001\integracao\indra\mod04\GraficoLinear1x.php", "PHP", 394, 0, 0, 0, 0, 0, 0, 0, 0, 0, 3, 73, 470
"c:\Users\alves\Downloads\integracao-20231026T180259Z-001\integracao\indra\mod04\GraficoLinear2x(1).php", "PHP", 433, 0, 0, 0, 0, 0, 0, 0, 0, 0, 4, 80, 517
"c:\Users\alves\Downloads\integracao-20231026T180259Z-001\integracao\indra\mod04\GraficoLinear2x.php", "PHP", 433, 0, 0, 0, 0, 0, 0, 0, 0, 0, 4, 80, 517
"c:\Users\alves\Downloads\integracao-20231026T180259Z-001\integracao\indra\mod04\HistoricoAlertasUsuario.php", "PHP", 293, 0, 0, 0, 0, 0, 0, 0, 0, 0, 0, 70, 363
"c:\Users\alves\Downloads\integracao-20231026T180259Z-001\integracao\indra\mod04\ListaDePCDs.php", "PHP", 226, 0, 0, 0, 0, 0, 0, 0, 0, 0, 0, 51, 277
"c:\Users\alves\Downloads\integracao-20231026T180259Z-001\integracao\indra\mod04\MapeamentoPCDs.php", "PHP", 296, 0, 0, 0, 0, 0, 0, 0, 0, 0, 0, 55, 351
"c:\Users\alves\Downloads\integracao-20231026T180259Z-001\integracao\indra\mod04\tabeladecomparacao.php", "PHP", 271, 0, 0, 0, 0, 0, 0, 0, 0, 0, 0, 53, 324
"c:\Users\alves\Downloads\integracao-20231026T180259Z-001\integracao\indra\mod05\alertaEmail.html", "HTML", 0, 195, 0, 0, 0, 0, 0, 0, 0, 0, 9, 29, 233
"c:\Users\alves\Downloads\integracao-20231026T180259Z-001\integracao\indra\mod05\enviarAlertasADM.html", "HTML", 0, 200, 0, 0, 0, 0, 0, 0, 0, 0, 19, 40, 259
"c:\Users\alves\Downloads\integracao-20231026T180259Z-001\integracao\indra\mod05\enviarAlertasADM.php", "PHP", 247, 0, 0, 0, 0, 0, 0, 0, 0, 0, 0, 48, 295
"c:\Users\alves\Downloads\integracao-20231026T180259Z-001\integracao\indra\mod05\enviarAlertasUser.html", "HTML", 0, 282, 0, 0, 0, 0, 0, 0, 0, 0, 25, 59, 366
"c:\Users\alves\Downloads\integracao-20231026T180259Z-001\integracao\indra\mod05\enviarAlertasUser.php", "PHP", 133, 0, 0, 0, 0, 0, 0, 0, 0, 0, 238, 33, 404
"c:\Users\alves\Downloads\integracao-20231026T180259Z-001\integracao\indra\mod05\ferramenta5ADM.php", "PHP", 320, 0, 0, 0, 0, 0, 0, 0, 0, 0, 0, 61, 381
"c:\Users\alves\Downloads\integracao-20231026T180259Z-001\integracao\indra\mod05\ferramenta5User.php", "PHP", 319, 0, 0, 0, 0, 0, 0, 0, 0, 0, 0, 61, 380
"c:\Users\alves\Downloads\integracao-20231026T180259Z-001\integracao\indra\mod05\historicoTabular.html", "HTML", 0, 219, 0, 0, 0, 0, 0, 0, 0, 0, 6, 25, 250
"c:\Users\alves\Downloads\integracao-20231026T180259Z-001\integracao\indra\mod05\historicoTabular.php", "PHP", 228, 0, 0, 0, 0, 0, 0, 0, 0, 0, 0, 26, 254
"c:\Users\alves\Downloads\integracao-20231026T180259Z-001\integracao\indra\mod05\indexAlert.html", "HTML", 0, 144, 0, 0, 0, 0, 0, 0, 0, 0, 17, 25, 186
"c:\Users\alves\Downloads\integracao-20231026T180259Z-001\integracao\indra\mod05\indexAlert.php", "PHP", 187, 0, 0, 0, 0, 0, 0, 0, 0, 0, 0, 33, 220
"c:\Users\alves\Downloads\integracao-20231026T180259Z-001\integracao\indra\mod05\orgaosColab.html", "HTML", 0, 216, 0, 0, 0, 0, 0, 0, 0, 0, 23, 40, 279
"c:\Users\alves\Downloads\integracao-20231026T180259Z-001\integracao\indra\mod05\paramAlertas.html", "HTML", 0, 246, 0, 0, 0, 0, 0, 0, 0, 0, 22, 38, 306
"c:\Users\alves\Downloads\integracao-20231026T180259Z-001\integracao\indra\mod05\paramAlertas.php", "PHP", 269, 0, 0, 0, 0, 0, 0, 0, 0, 0, 0, 41, 310
"c:\Users\alves\Downloads\integracao-20231026T180259Z-001\integracao\js\custom\mod01\ValidatorRecuperarSenha.js", "JavaScript", 0, 0, 67, 0, 0, 0, 0, 0, 0, 0, 1, 17, 85
"c:\Users\alves\Downloads\integracao-20231026T180259Z-001\integracao\js\custom\mod01\cbpAnimatedHeader.js", "JavaScript", 0, 0, 28, 0, 0, 0, 0, 0, 0, 0, 10, 6, 44
"c:\Users\alves\Downloads\integracao-20231026T180259Z-001\integracao\js\custom\mod01\classie.js", "JavaScript", 0, 0, 50, 0, 0, 0, 0, 0, 0, 0, 19, 12, 81
"c:\Users\alves\Downloads\integracao-20231026T180259Z-001\integracao\js\custom\mod01\spoiler.js", "JavaScript", 0, 0, 5, 0, 0, 0, 0, 0, 0, 0, 6, 2, 13
"c:\Users\alves\Downloads\integracao-20231026T180259Z-001\integracao\js\custom\mod01\tabela.js", "JavaScript", 0, 0, 87, 0, 0, 0, 0, 0, 0, 0, 3, 7, 97
"c:\Users\alves\Downloads\integracao-20231026T180259Z-001\integracao\js\custom\mod01\validacaoMascara.js", "JavaScript", 0, 0, 6, 0, 0, 0, 0, 0, 0, 0, 0, 1, 7
"c:\Users\alves\Downloads\integracao-20231026T180259Z-001\integracao\js\custom\mod01\validator.js", "JavaScript", 0, 0, 36, 0, 0, 0, 0, 0, 0, 0, 206, 4, 246
"c:\Users\alves\Downloads\integracao-20231026T180259Z-001\integracao\js\custom\mod01\validatorAlterarCadastro.js", "JavaScript", 0, 0, 165, 0, 0, 0, 0, 0, 0, 0, 1, 26, 192
"c:\Users\alves\Downloads\integracao-20231026T180259Z-001\integracao\js\custom\mod01\validatorCadastro.js", "JavaScript", 0, 0, 165, 0, 0, 0, 0, 0, 0, 0, 1, 26, 192
"c:\Users\alves\Downloads\integracao-20231026T180259Z-001\integracao\js\custom\mod01\validatorFeedBack.js", "JavaScript", 0, 0, 70, 0, 0, 0, 0, 0, 0, 0, 1, 20, 91
"c:\Users\alves\Downloads\integracao-20231026T180259Z-001\integracao\js\custom\mod01\validatorLogin.js", "JavaScript", 0, 0, 34, 0, 0, 0, 0, 0, 0, 0, 0, 2, 36
"c:\Users\alves\Downloads\integracao-20231026T180259Z-001\integracao\js\custom\mod02\Listagem de Imagem.js", "JavaScript", 0, 0, 33, 0, 0, 0, 0, 0, 0, 0, 1, 5, 39
"c:\Users\alves\Downloads\integracao-20231026T180259Z-001\integracao\js\custom\mod02\Listagem funcionalidade.js", "JavaScript", 0, 0, 54, 0, 0, 0, 0, 0, 0, 0, 2, 8, 64
"c:\Users\alves\Downloads\integracao-20231026T180259Z-001\integracao\js\custom\mod02\Listagem medies.js", "JavaScript", 0, 0, 51, 0, 0, 0, 0, 0, 0, 0, 1, 7, 59
"c:\Users\alves\Downloads\integracao-20231026T180259Z-001\integracao\js\custom\mod02\Listagem sensores Reformulado.js", "JavaScript", 0, 0, 33, 0, 0, 0, 0, 0, 0, 0, 2, 10, 45
"c:\Users\alves\Downloads\integracao-20231026T180259Z-001\integracao\js\custom\mod02\Listagem sensores.js", "JavaScript", 0, 0, 33, 0, 0, 0, 0, 0, 0, 0, 1, 6, 40
"c:\Users\alves\Downloads\integracao-20231026T180259Z-001\integracao\js\custom\mod02\limitar_caracter.js", "JavaScript", 0, 0, 6, 0, 0, 0, 0, 0, 0, 0, 0, 1, 7
"c:\Users\alves\Downloads\integracao-20231026T180259Z-001\integracao\js\custom\mod02\listagemTipoSensor.js", "JavaScript", 0, 0, 317, 0, 0, 0, 0, 0, 0, 0, 0, 21, 338
"c:\Users\alves\Downloads\integracao-20231026T180259Z-001\integracao\js\custom\mod02\orgaos(1).js", "JavaScript", 0, 0, 34, 0, 0, 0, 0, 0, 0, 0, 0, 5, 39
"c:\Users\alves\Downloads\integracao-20231026T180259Z-001\integracao\js\custom\mod02\orgaos.js", "JavaScript", 0, 0, 34, 0, 0, 0, 0, 0, 0, 0, 0, 5, 39
"c:\Users\alves\Downloads\integracao-20231026T180259Z-001\integracao\js\custom\mod02\spoiler.js", "JavaScript", 0, 0, 5, 0, 0, 0, 0, 0, 0, 0, 6, 2, 13
"c:\Users\alves\Downloads\integracao-20231026T180259Z-001\integracao\js\custom\mod02\table\tables(1).js", "JavaScript", 0, 0, 157, 0, 0, 0, 0, 0, 0, 0, 32, 75, 264
"c:\Users\alves\Downloads\integracao-20231026T180259Z-001\integracao\js\custom\mod02\table\tables(2).js", "JavaScript", 0, 0, 157, 0, 0, 0, 0, 0, 0, 0, 32, 75, 264
"c:\Users\alves\Downloads\integracao-20231026T180259Z-001\integracao\js\custom\mod02\table\tables.js", "JavaScript", 0, 0, 157, 0, 0, 0, 0, 0, 0, 0, 32, 75, 264
"c:\Users\alves\Downloads\integracao-20231026T180259Z-001\integracao\js\custom\mod02\tables.js", "JavaScript", 0, 0, 225, 0, 0, 0, 0, 0, 0, 0, 32, 165, 422
"c:\Users\alves\Downloads\integracao-20231026T180259Z-001\integracao\js\custom\mod02\validatorPCD.js", "JavaScript", 0, 0, 69, 0, 0, 0, 0, 0, 0, 0, 0, 0, 69
"c:\Users\alves\Downloads\integracao-20231026T180259Z-001\integracao\js\custom\mod02\validatorSensor.js", "JavaScript", 0, 0, 40, 0, 0, 0, 0, 0, 0, 0, 0, 0, 40
"c:\Users\alves\Downloads\integracao-20231026T180259Z-001\integracao\js\custom\mod03\arquivoAJAX(1).js", "JavaScript", 0, 0, 47, 0, 0, 0, 0, 0, 0, 0, 0, 33, 80
"c:\Users\alves\Downloads\integracao-20231026T180259Z-001\integracao\js\custom\mod03\arquivoAJAX.js", "JavaScript", 0, 0, 47, 0, 0, 0, 0, 0, 0, 0, 0, 33, 80
"c:\Users\alves\Downloads\integracao-20231026T180259Z-001\integracao\js\custom\mod03\arquivoValidation(1).js", "JavaScript", 0, 0, 50, 0, 0, 0, 0, 0, 0, 0, 0, 11, 61
"c:\Users\alves\Downloads\integracao-20231026T180259Z-001\integracao\js\custom\mod03\arquivoValidation.js", "JavaScript", 0, 0, 50, 0, 0, 0, 0, 0, 0, 0, 0, 11, 61
"c:\Users\alves\Downloads\integracao-20231026T180259Z-001\integracao\js\custom\mod03\importar.js", "JavaScript", 0, 0, 40, 0, 0, 0, 0, 0, 0, 0, 0, 12, 52
"c:\Users\alves\Downloads\integracao-20231026T180259Z-001\integracao\js\custom\mod03\medicoes.js", "JavaScript", 0, 0, 211, 0, 0, 0, 0, 0, 0, 0, 24, 44, 279
"c:\Users\alves\Downloads\integracao-20231026T180259Z-001\integracao\js\custom\mod03\script.js", "JavaScript", 0, 0, 38, 0, 0, 0, 0, 0, 0, 0, 0, 13, 51
"c:\Users\alves\Downloads\integracao-20231026T180259Z-001\integracao\js\custom\mod03\sensores.js", "JavaScript", 0, 0, 118, 0, 0, 0, 0, 0, 0, 0, 0, 47, 165
"c:\Users\alves\Downloads\integracao-20231026T180259Z-001\integracao\js\custom\mod03\sensoresAJAX(1).js", "JavaScript", 0, 0, 46, 0, 0, 0, 0, 0, 0, 0, 0, 45, 91
"c:\Users\alves\Downloads\integracao-20231026T180259Z-001\integracao\js\custom\mod03\sensoresAJAX.js", "JavaScript", 0, 0, 46, 0, 0, 0, 0, 0, 0, 0, 0, 45, 91
"c:\Users\alves\Downloads\integracao-20231026T180259Z-001\integracao\js\custom\mod03\sensoresValidation(1).js", "JavaScript", 0, 0, 74, 0, 0, 0, 0, 0, 0, 0, 0, 5, 79
"c:\Users\alves\Downloads\integracao-20231026T180259Z-001\integracao\js\custom\mod03\sensoresValidation.js", "JavaScript", 0, 0, 74, 0, 0, 0, 0, 0, 0, 0, 0, 5, 79
"c:\Users\alves\Downloads\integracao-20231026T180259Z-001\integracao\js\custom\mod03\tables.js", "JavaScript", 0, 0, 87, 0, 0, 0, 0, 0, 0, 0, 0, 10, 97
"c:\Users\alves\Downloads\integracao-20231026T180259Z-001\integracao\js\custom\mod04\cbpAnimatedHeader.js", "JavaScript", 0, 0, 28, 0, 0, 0, 0, 0, 0, 0, 10, 6, 44
"c:\Users\alves\Downloads\integracao-20231026T180259Z-001\integracao\js\custom\mod04\cbpAnimatedHeader.min.js", "JavaScript", 0, 0, 1, 0, 0, 0, 0, 0, 0, 0, 10, 0, 11
"c:\Users\alves\Downloads\integracao-20231026T180259Z-001\integracao\js\custom\mod04\classie.js", "JavaScript", 0, 0, 50, 0, 0, 0, 0, 0, 0, 0, 19, 12, 81
"c:\Users\alves\Downloads\integracao-20231026T180259Z-001\integracao\js\custom\mod04\comparacao.js", "JavaScript", 0, 0, 22, 0, 0, 0, 0, 0, 0, 0, 0, 2, 24
"c:\Users\alves\Downloads\integracao-20231026T180259Z-001\integracao\js\custom\mod04\contact_me.js", "JavaScript", 0, 0, 59, 0, 0, 0, 0, 0, 0, 0, 9, 6, 74
"c:\Users\alves\Downloads\integracao-20231026T180259Z-001\integracao\js\custom\mod04\enviarAlertarADM.js", "JavaScript", 0, 0, 97, 0, 0, 0, 0, 0, 0, 0, 1, 26, 124
"c:\Users\alves\Downloads\integracao-20231026T180259Z-001\integracao\js\custom\mod04\graficos(1).js", "JavaScript", 0, 0, 51, 0, 0, 0, 0, 0, 0, 0, 3, 5, 59
"c:\Users\alves\Downloads\integracao-20231026T180259Z-001\integracao\js\custom\mod04\graficos.js", "JavaScript", 0, 0, 51, 0, 0, 0, 0, 0, 0, 0, 3, 5, 59
"c:\Users\alves\Downloads\integracao-20231026T180259Z-001\integracao\js\custom\mod04\infobox.js", "JavaScript", 0, 0, 1, 0, 0, 0, 0, 0, 0, 0, 0, 0, 1
"c:\Users\alves\Downloads\integracao-20231026T180259Z-001\integracao\js\custom\mod04\jqBootstrapValidation.js", "JavaScript", 0, 0, 732, 0, 0, 0, 0, 0, 0, 0, 96, 85, 913
"c:\Users\alves\Downloads\integracao-20231026T180259Z-001\integracao\js\custom\mod04\jquery.maskedinput.js", "JavaScript", 0, 0, 1, 0, 0, 0, 0, 0, 0, 0, 6, 0, 7
"c:\Users\alves\Downloads\integracao-20231026T180259Z-001\integracao\js\custom\mod04\jquery.min.js", "JavaScript", 0, 0, 3, 0, 0, 0, 0, 0, 0, 0, 2, 0, 5
"c:\Users\alves\Downloads\integracao-20231026T180259Z-001\integracao\js\custom\mod04\mapa.js", "JavaScript", 0, 0, 129, 0, 0, 0, 0, 0, 0, 0, 74, 21, 224
"c:\Users\alves\Downloads\integracao-20231026T180259Z-001\integracao\js\custom\mod04\markerclusterer.js", "JavaScript", 0, 0, 1, 0, 0, 0, 0, 0, 0, 0, 0, 0, 1
"c:\Users\alves\Downloads\integracao-20231026T180259Z-001\integracao\js\custom\mod04\pontos.json", "JSON", 0, 0, 0, 72, 0, 0, 0, 0, 0, 0, 0, 0, 72
"c:\Users\alves\Downloads\integracao-20231026T180259Z-001\integracao\js\custom\mod04\tables.js", "JavaScript", 0, 0, 196, 0, 0, 0, 0, 0, 0, 0, 1, 1, 198
"c:\Users\alves\Downloads\integracao-20231026T180259Z-001\integracao\js\custom\mod04\tablesPlus.js", "JavaScript", 0, 0, 47, 0, 0, 0, 0, 0, 0, 0, 0, 5, 52
"c:\Users\alves\Downloads\integracao-20231026T180259Z-001\integracao\js\custom\mod04\validationNovaPesquisa.js", "JavaScript", 0, 0, 159, 0, 0, 0, 0, 0, 0, 0, 58, 61, 278
"c:\Users\alves\Downloads\integracao-20231026T180259Z-001\integracao\js\custom\mod04\validationNovaPesquisaAlertaPopular.js", "JavaScript", 0, 0, 162, 0, 0, 0, 0, 0, 0, 0, 55, 61, 278
"c:\Users\alves\Downloads\integracao-20231026T180259Z-001\integracao\js\custom\mod04\validationNovoGraficoLinha.js", "JavaScript", 0, 0, 166, 0, 0, 0, 0, 0, 0, 0, 0, 51, 217
"c:\Users\alves\Downloads\integracao-20231026T180259Z-001\integracao\js\custom\mod04\validator(1).js", "JavaScript", 0, 0, 36, 0, 0, 0, 0, 0, 0, 0, 206, 3, 245
"c:\Users\alves\Downloads\integracao-20231026T180259Z-001\integracao\js\custom\mod04\validator.js", "JavaScript", 0, 0, 36, 0, 0, 0, 0, 0, 0, 0, 206, 3, 245
"c:\Users\alves\Downloads\integracao-20231026T180259Z-001\integracao\js\custom\mod05\alertCritico.js", "JavaScript", 0, 0, 125, 0, 0, 0, 0, 0, 0, 0, 0, 10, 135
"c:\Users\alves\Downloads\integracao-20231026T180259Z-001\integracao\js\custom\mod05\enviarAlertarADM.js", "JavaScript", 0, 0, 149, 0, 0, 0, 0, 0, 0, 0, 0, 20, 169
"c:\Users\alves\Downloads\integracao-20231026T180259Z-001\integracao\js\custom\mod05\enviarAlertasUser.js", "JavaScript", 0, 0, 467, 0, 0, 0, 0, 0, 0, 0, 3, 53, 523
"c:\Users\alves\Downloads\integracao-20231026T180259Z-001\integracao\js\custom\mod05\historicoTabular.js", "JavaScript", 0, 0, 71, 0, 0, 0, 0, 0, 0, 0, 0, 9, 80
"c:\Users\alves\Downloads\integracao-20231026T180259Z-001\integracao\js\custom\mod05\orgaosColab.js", "JavaScript", 0, 0, 248, 0, 0, 0, 0, 0, 0, 0, 1, 21, 270
"c:\Users\alves\Downloads\integracao-20231026T180259Z-001\integracao\js\custom\mod05\paramAlertas.js", "JavaScript", 0, 0, 357, 0, 0, 0, 0, 0, 0, 0, 2, 24, 383
"c:\Users\alves\Downloads\integracao-20231026T180259Z-001\integracao\js\plugin\Chart.bundle.js", "JavaScript", 0, 0, 9839, 0, 0, 0, 0, 0, 0, 0, 1051, 2059, 12949
"c:\Users\alves\Downloads\integracao-20231026T180259Z-001\integracao\js\plugin\bootstrap.min.js", "JavaScript", 0, 0, 2, 0, 0, 0, 0, 0, 0, 0, 5, 0, 7
"c:\Users\alves\Downloads\integracao-20231026T180259Z-001\integracao\js\plugin\dataTables.bootstrap.min(1).js", "JavaScript", 0, 0, 4, 0, 0, 0, 0, 0, 0, 0, 4, 1, 9
"c:\Users\alves\Downloads\integracao-20231026T180259Z-001\integracao\js\plugin\dataTables.bootstrap.min.js", "JavaScript", 0, 0, 4, 0, 0, 0, 0, 0, 0, 0, 4, 1, 9
"c:\Users\alves\Downloads\integracao-20231026T180259Z-001\integracao\js\plugin\dataTables.buttons.min.js", "JavaScript", 0, 0, 32, 0, 0, 0, 0, 0, 0, 0, 4, 1, 37
"c:\Users\alves\Downloads\integracao-20231026T180259Z-001\integracao\js\plugin\fileinput.js", "JavaScript", 0, 0, 3215, 0, 0, 0, 0, 0, 0, 0, 55, 16, 3286
"c:\Users\alves\Downloads\integracao-20231026T180259Z-001\integracao\js\plugin\fileinput.min(1).js", "JavaScript", 0, 0, 2, 0, 0, 0, 0, 0, 0, 0, 15, 0, 17
"c:\Users\alves\Downloads\integracao-20231026T180259Z-001\integracao\js\plugin\fileinput.min.js", "JavaScript", 0, 0, 2, 0, 0, 0, 0, 0, 0, 0, 15, 0, 17
"c:\Users\alves\Downloads\integracao-20231026T180259Z-001\integracao\js\plugin\formValidation-bootstrap.min.js", "JavaScript", 0, 0, 1, 0, 0, 0, 0, 0, 0, 0, 9, 0, 10
"c:\Users\alves\Downloads\integracao-20231026T180259Z-001\integracao\js\plugin\formValidation.min.js", "JavaScript", 0, 0, 4, 0, 0, 0, 0, 0, 0, 0, 9, 0, 13
"c:\Users\alves\Downloads\integracao-20231026T180259Z-001\integracao\js\plugin\freelancer.js", "JavaScript", 0, 0, 70, 0, 0, 0, 0, 0, 0, 0, 9, 30, 109
"c:\Users\alves\Downloads\integracao-20231026T180259Z-001\integracao\js\plugin\gmaps.min(1).js", "JavaScript", 0, 0, 1, 0, 0, 0, 0, 0, 0, 0, 1, 0, 2
"c:\Users\alves\Downloads\integracao-20231026T180259Z-001\integracao\js\plugin\gmaps.min.js", "JavaScript", 0, 0, 1, 0, 0, 0, 0, 0, 0, 0, 1, 0, 2
"c:\Users\alves\Downloads\integracao-20231026T180259Z-001\integracao\js\plugin\jquery.dataTables.min.js", "JavaScript", 0, 0, 162, 0, 0, 0, 0, 0, 0, 0, 4, 1, 167
"c:\Users\alves\Downloads\integracao-20231026T180259Z-001\integracao\js\plugin\jquery.form-validator.min.js", "JavaScript", 0, 0, 1, 0, 0, 0, 0, 0, 0, 0, 8, 0, 9
"c:\Users\alves\Downloads\integracao-20231026T180259Z-001\integracao\js\plugin\jquery.js", "JavaScript", 0, 0, 3, 0, 0, 0, 0, 0, 0, 0, 1, 0, 4
"c:\Users\alves\Downloads\integracao-20231026T180259Z-001\integracao\js\plugin\jquery.mask.min.js", "JavaScript", 0, 0, 10, 0, 0, 0, 0, 0, 0, 0, 2, 1, 13
"c:\Users\alves\Downloads\integracao-20231026T180259Z-001\integracao\js\plugin\locales\pt-BR.js", "JavaScript", 0, 0, 61, 0, 0, 0, 0, 0, 0, 0, 10, 1, 72
"c:\Users\alves\Downloads\integracao-20231026T180259Z-001\integracao\js\plugin\multi-step-modal.js", "JavaScript", 0, 0, 111, 0, 0, 0, 0, 0, 0, 0, 3, 14, 128
"c:\Users\alves\Downloads\integracao-20231026T180259Z-001\integracao\modelo\mod01\Database.php", "PHP", 14, 0, 0, 0, 0, 0, 0, 0, 0, 0, 0, 4, 18
"c:\Users\alves\Downloads\integracao-20231026T180259Z-001\integracao\modelo\mod01\FeedBack.php", "PHP", 37, 0, 0, 0, 0, 0, 0, 0, 0, 0, 0, 4, 41
"c:\Users\alves\Downloads\integracao-20231026T180259Z-001\integracao\modelo\mod01\NivelAcesso.php", "PHP", 17, 0, 0, 0, 0, 0, 0, 0, 0, 0, 4, 7, 28
"c:\Users\alves\Downloads\integracao-20231026T180259Z-001\integracao\modelo\mod01\NovoUsuario.php", "PHP", 84, 0, 0, 0, 0, 0, 0, 0, 0, 0, 0, 31, 115
"c:\Users\alves\Downloads\integracao-20231026T180259Z-001\integracao\modelo\mod01\Usuario.php", "PHP", 115, 0, 0, 0, 0, 0, 0, 0, 0, 0, 17, 33, 165
"c:\Users\alves\Downloads\integracao-20231026T180259Z-001\integracao\modelo\mod01\UsuarioEspecialista.php", "PHP", 47, 0, 0, 0, 0, 0, 0, 0, 0, 0, 0, 16, 63
"c:\Users\alves\Downloads\integracao-20231026T180259Z-001\integracao\modelo\mod01\UsuarioInstituicao.php", "PHP", 38, 0, 0, 0, 0, 0, 0, 0, 0, 0, 0, 14, 52
"c:\Users\alves\Downloads\integracao-20231026T180259Z-001\integracao\modelo\mod01\UsuarioLogin.php", "PHP", 140, 0, 0, 0, 0, 0, 0, 0, 0, 0, 18, 46, 204
"c:\Users\alves\Downloads\integracao-20231026T180259Z-001\integracao\modelo\mod03\ArquivoPcdImportado.php", "PHP", 45, 0, 0, 0, 0, 0, 0, 0, 0, 0, 10, 16, 71
"c:\Users\alves\Downloads\integracao-20231026T180259Z-001\integracao\modelo\mod03\Erro.php", "PHP", 5, 0, 0, 0, 0, 0, 0, 0, 0, 0, 10, 6, 21
"c:\Users\alves\Downloads\integracao-20231026T180259Z-001\integracao\modelo\mod03\Justificativa.php", "PHP", 37, 0, 0, 0, 0, 0, 0, 0, 0, 0, 0, 18, 55
"c:\Users\alves\Downloads\integracao-20231026T180259Z-001\integracao\modelo\mod03\Medicao.php", "PHP", 45, 0, 0, 0, 0, 0, 0, 0, 0, 0, 5, 15, 65
"c:\Users\alves\Downloads\integracao-20231026T180259Z-001\integracao\modelo\mod03\Pcd.php", "PHP", 21, 0, 0, 0, 0, 0, 0, 0, 0, 0, 10, 12, 43
"c:\Users\alves\Downloads\integracao-20231026T180259Z-001\integracao\modelo\mod03\RetornoImportarArquivoMedicao.php", "PHP", 29, 0, 0, 0, 0, 0, 0, 0, 0, 0, 0, 9, 38
"c:\Users\alves\Downloads\integracao-20231026T180259Z-001\integracao\modelo\mod03\Sensores.php", "PHP", 45, 0, 0, 0, 0, 0, 0, 0, 0, 0, 0, 30, 75
"c:\Users\alves\Downloads\integracao-20231026T180259Z-001\integracao\modelo\mod03\Usuario.php", "PHP", 99, 0, 0, 0, 0, 0, 0, 0, 0, 0, 0, 31, 130
"c:\Users\alves\Downloads\integracao-20231026T180259Z-001\integracao\modelo\mod05\Database.php", "PHP", 14, 0, 0, 0, 0, 0, 0, 0, 0, 0, 0, 4, 18
"c:\Users\alves\Downloads\integracao-20231026T180259Z-001\integracao\modelo\mod05\OrgaosColab.php", "PHP", 59, 0, 0, 0, 0, 0, 0, 0, 0, 0, 0, 16, 75
"c:\Users\alves\Downloads\integracao-20231026T180259Z-001\integracao\modelo\mod05\PCD.php", "PHP", 95, 0, 0, 0, 0, 0, 0, 0, 0, 0, 95, 26, 216
"c:\Users\alves\Downloads\integracao-20231026T180259Z-001\integracao\modelo\mod05\alertaCritico.php", "PHP", 71, 0, 0, 0, 0, 0, 0, 0, 0, 0, 64, 22, 157
"c:\Users\alves\Downloads\integracao-20231026T180259Z-001\integracao\modelo\mod05\alertaUser.php", "PHP", 95, 0, 0, 0, 0, 0, 0, 0, 0, 0, 0, 25, 120
"c:\Users\alves\Downloads\integracao-20231026T180259Z-001\integracao\modelo\mod05\medicao.php", "PHP", 61, 0, 0, 0, 0, 0, 0, 0, 0, 0, 68, 21, 150
"c:\Users\alves\Downloads\integracao-20231026T180259Z-001\integracao\modelo\mod05\paramAlertas.php", "PHP", 65, 0, 0, 0, 0, 0, 0, 0, 0, 0, 0, 15, 80
"Total", "-", 34236, 9110, 39439, 3693, 20044, 4801, 710, 116, 143, 101, 16320, 17340, 146053